"station","latitude","longitude","numDocks","timestamp","year","month","day","hour","weekday","weekhour","isHoliday","windMaxSpeed.m.s","windMeanSpeed.m.s","windDirection.grades","temperature.C","relHumidity.HR","airPressure.mb","precipitation.l.m2","bikes_3h_ago","full_profile_3h_diff_bikes","full_profile_bikes","short_profile_3h_diff_bikes","short_profile_bikes","bikes"
257,39.4614520571,-0.4004871671,15,1412114400,2014,10,1,0,"Wednesday",49,0,11.3,3.2,67.5,21.3,85,855.3,0,NA,NA,NA,NA,NA,4
257,39.4614520571,-0.4004871671,15,1412118000,2014,10,1,1,"Wednesday",50,0,1.6,0,157.5,21.1,86,1000.6,0,NA,NA,NA,NA,NA,3
257,39.4614520571,-0.4004871671,15,1412121600,2014,10,1,2,"Wednesday",51,0,1.6,0,112.5,20.9,86,880.6,0,NA,NA,NA,NA,NA,3
257,39.4614520571,-0.4004871671,15,1412125200,2014,10,1,3,"Wednesday",52,0,0,0,146.3,20.4,88,859.8,0,4,NA,NA,NA,NA,4
257,39.4614520571,-0.4004871671,15,1412128800,2014,10,1,4,"Wednesday",53,0,6.4,3.2,157.5,20.3,87,898.1,0,3,NA,NA,NA,NA,4
257,39.4614520571,-0.4004871671,15,1412132400,2014,10,1,5,"Wednesday",54,0,6.4,1.6,135,20.1,88,910.6,0,3,NA,NA,NA,NA,4
257,39.4614520571,-0.4004871671,15,1412136000,2014,10,1,6,"Wednesday",55,0,4.8,1.6,157.5,19.6,89,908.1,0,4,NA,NA,NA,NA,4
257,39.4614520571,-0.4004871671,15,1412139600,2014,10,1,7,"Wednesday",56,0,0,0,146.3,19.7,89,987.8,0,4,NA,NA,NA,NA,3
257,39.4614520571,-0.4004871671,15,1412143200,2014,10,1,8,"Wednesday",57,0,3.2,0,135,19.8,88,971.3,0,4,NA,NA,NA,NA,0
257,39.4614520571,-0.4004871671,15,1412146800,2014,10,1,9,"Wednesday",58,0,4.8,1.6,135,20.1,87,983.1,0,4,NA,NA,NA,NA,0
257,39.4614520571,-0.4004871671,15,1412150400,2014,10,1,10,"Wednesday",59,0,6.4,3.2,67.5,21.1,84,983.1,0,3,NA,NA,NA,NA,0
257,39.4614520571,-0.4004871671,15,1412154000,2014,10,1,11,"Wednesday",60,0,20.9,9.7,67.5,22.2,82,884,0,0,NA,NA,NA,NA,1
257,39.4614520571,-0.4004871671,15,1412157600,2014,10,1,12,"Wednesday",61,0,20.9,12.9,67.5,22.8,80,850,0,0,NA,NA,NA,NA,1
257,39.4614520571,-0.4004871671,15,1412161200,2014,10,1,13,"Wednesday",62,0,20.9,11.3,67.5,23.1,78,819.7,0,0,NA,NA,NA,NA,2
257,39.4614520571,-0.4004871671,15,1412164800,2014,10,1,14,"Wednesday",63,0,22.5,12.9,67.5,23.2,78,811.9,0,1,NA,NA,NA,NA,4
257,39.4614520571,-0.4004871671,15,1412168400,2014,10,1,15,"Wednesday",64,0,22.5,12.9,67.5,23.3,76,997.4,0,1,NA,NA,NA,NA,2
257,39.4614520571,-0.4004871671,15,1412172000,2014,10,1,16,"Wednesday",65,0,19.3,8,67.5,23.3,77,1084.9,0,2,NA,NA,NA,NA,3
257,39.4614520571,-0.4004871671,15,1412175600,2014,10,1,17,"Wednesday",66,0,16.1,6.4,22.5,23.2,79,996.9,0,4,NA,NA,NA,NA,5
257,39.4614520571,-0.4004871671,15,1412179200,2014,10,1,18,"Wednesday",67,0,16.1,6.4,22.5,23.1,81,1072.1,0,2,NA,NA,NA,NA,7
257,39.4614520571,-0.4004871671,15,1412182800,2014,10,1,19,"Wednesday",68,0,11.3,4.8,22.5,22.9,80,971,0,3,NA,NA,NA,NA,11
257,39.4614520571,-0.4004871671,15,1412186400,2014,10,1,20,"Wednesday",69,0,9.7,4.8,0,22.7,81,971,0,5,NA,NA,NA,NA,12
257,39.4614520571,-0.4004871671,15,1412190000,2014,10,1,21,"Wednesday",70,0,8,1.6,22.5,22.7,82,1021.3,0,7,NA,NA,NA,NA,14
257,39.4614520571,-0.4004871671,15,1412193600,2014,10,1,22,"Wednesday",71,0,6.4,1.6,45,22.6,82,983.9,0,11,NA,NA,NA,NA,11
257,39.4614520571,-0.4004871671,15,1412197200,2014,10,1,23,"Wednesday",72,0,3.2,0,67.5,22.5,83,1001.9,0,12,NA,NA,NA,NA,10
257,39.4614520571,-0.4004871671,15,1412200800,2014,10,2,0,"Thursday",73,0,4.8,1.6,157.5,21.8,85,909.1,0,14,NA,NA,NA,NA,11
257,39.4614520571,-0.4004871671,15,1412204400,2014,10,2,1,"Thursday",74,0,8,3.2,67.5,21.6,86,909.1,0,11,NA,NA,NA,NA,11
257,39.4614520571,-0.4004871671,15,1412208000,2014,10,2,2,"Thursday",75,0,3.2,1.6,112.5,21.2,87,962.3,0,10,NA,NA,NA,NA,13
257,39.4614520571,-0.4004871671,15,1412211600,2014,10,2,3,"Thursday",76,0,4.8,1.6,67.5,20.8,87,1030.4,0,11,NA,NA,NA,NA,13
257,39.4614520571,-0.4004871671,15,1412215200,2014,10,2,4,"Thursday",77,0,4.8,1.6,135,20.7,87,1021,0,11,NA,NA,NA,NA,13
257,39.4614520571,-0.4004871671,15,1412218800,2014,10,2,5,"Thursday",78,0,4.8,1.6,135,20.6,85,893.9,0,13,NA,NA,NA,NA,13
257,39.4614520571,-0.4004871671,15,1412222400,2014,10,2,6,"Thursday",79,0,9.7,6.4,157.5,19.6,87,1049,0,13,NA,NA,NA,NA,13
257,39.4614520571,-0.4004871671,15,1412226000,2014,10,2,7,"Thursday",80,0,4.8,3.2,157.5,19.9,85,941.4,0,13,NA,NA,NA,NA,13
257,39.4614520571,-0.4004871671,15,1412229600,2014,10,2,8,"Thursday",81,0,6.4,3.2,157.5,19.3,86,1047.7,0,13,NA,NA,NA,NA,7
257,39.4614520571,-0.4004871671,15,1412233200,2014,10,2,9,"Thursday",82,0,6.4,1.6,157.5,19.5,84,903.3,0,13,NA,NA,NA,NA,4
257,39.4614520571,-0.4004871671,15,1412236800,2014,10,2,10,"Thursday",83,0,6.4,1.6,90,22.1,75,1003.5,0,13,NA,NA,NA,NA,3
257,39.4614520571,-0.4004871671,15,1412240400,2014,10,2,11,"Thursday",84,0,16.1,4.8,45,22.7,74,1037.1,0,7,NA,NA,NA,NA,0
257,39.4614520571,-0.4004871671,15,1412244000,2014,10,2,12,"Thursday",85,0,17.7,9.7,67.5,23.3,74,862.2,0,4,NA,NA,NA,NA,1
257,39.4614520571,-0.4004871671,15,1412247600,2014,10,2,13,"Thursday",86,0,20.9,9.7,67.5,23.4,74,896.7,0,3,NA,NA,NA,NA,2
257,39.4614520571,-0.4004871671,15,1412251200,2014,10,2,14,"Thursday",87,0,14.5,6.4,0,24.4,72,887.8,0,0,NA,NA,NA,NA,3
257,39.4614520571,-0.4004871671,15,1412254800,2014,10,2,15,"Thursday",88,0,20.9,9.7,67.5,24.2,73,887.8,0,1,NA,NA,NA,NA,0
257,39.4614520571,-0.4004871671,15,1412258400,2014,10,2,16,"Thursday",89,0,16.1,6.4,0,23.4,74,906.1,0,2,NA,NA,NA,NA,2
257,39.4614520571,-0.4004871671,15,1412262000,2014,10,2,17,"Thursday",90,0,9.7,3.2,0,23.1,74,930.8,0,3,NA,NA,NA,NA,1
257,39.4614520571,-0.4004871671,15,1412265600,2014,10,2,18,"Thursday",91,0,6.4,1.6,225,22.6,77,930.8,0,0,NA,NA,NA,NA,2
257,39.4614520571,-0.4004871671,15,1412269200,2014,10,2,19,"Thursday",92,0,11.3,3.2,67.5,23,74,907.4,0,2,NA,NA,NA,NA,0
257,39.4614520571,-0.4004871671,15,1412272800,2014,10,2,20,"Thursday",93,0,8,1.6,22.5,22.7,76,892.5,0,1,NA,NA,NA,NA,5
257,39.4614520571,-0.4004871671,15,1412276400,2014,10,2,21,"Thursday",94,0,3.2,1.6,157.5,22.3,80,989,0,2,NA,NA,NA,NA,6
257,39.4614520571,-0.4004871671,15,1412280000,2014,10,2,22,"Thursday",95,0,0,0,146.3,21.8,81,875.4,0,0,NA,NA,NA,NA,7
257,39.4614520571,-0.4004871671,15,1412283600,2014,10,2,23,"Thursday",96,0,1.6,0,157.5,20.9,85,929.9,0,5,NA,NA,NA,NA,6
257,39.4614520571,-0.4004871671,15,1412287200,2014,10,3,0,"Friday",97,0,3.2,0,180,20.6,84,929.9,0,6,NA,NA,NA,NA,7
257,39.4614520571,-0.4004871671,15,1412290800,2014,10,3,1,"Friday",98,0,8,1.6,157.5,20.1,85,888,0,7,NA,NA,NA,NA,7
257,39.4614520571,-0.4004871671,15,1412294400,2014,10,3,2,"Friday",99,0,8,3.2,157.5,19.3,87,868.9,0,6,NA,NA,NA,NA,7
257,39.4614520571,-0.4004871671,15,1412298000,2014,10,3,3,"Friday",100,0,3.2,0,135,19.2,87,910.1,0,7,NA,NA,NA,NA,7
257,39.4614520571,-0.4004871671,15,1412301600,2014,10,3,4,"Friday",101,0,4.8,1.6,157.5,19.2,85,885.8,0,7,NA,NA,NA,NA,7
257,39.4614520571,-0.4004871671,15,1412305200,2014,10,3,5,"Friday",102,0,6.4,3.2,157.5,18.7,86,882,0,7,NA,NA,NA,NA,7
257,39.4614520571,-0.4004871671,15,1412308800,2014,10,3,6,"Friday",103,0,6.4,3.2,157.5,18.4,85,973,0,7,NA,NA,NA,NA,7
257,39.4614520571,-0.4004871671,15,1412312400,2014,10,3,7,"Friday",104,0,6.4,3.2,157.5,18.3,84,995.1,0,7,NA,NA,NA,NA,6
257,39.4614520571,-0.4004871671,15,1412316000,2014,10,3,8,"Friday",105,0,8,3.2,157.5,18.2,83,1008.4,0,7,NA,NA,NA,NA,0
257,39.4614520571,-0.4004871671,15,1412319600,2014,10,3,9,"Friday",106,0,11.3,6.4,157.5,18.4,82,1008.4,0,7,NA,NA,NA,NA,0
257,39.4614520571,-0.4004871671,15,1412323200,2014,10,3,10,"Friday",107,0,9.7,4.8,157.5,19.9,77,1008.4,0,6,NA,NA,NA,NA,0
257,39.4614520571,-0.4004871671,15,1412326800,2014,10,3,11,"Friday",108,0,9.7,3.2,157.5,22,72,887.9,0,0,NA,NA,NA,NA,0
257,39.4614520571,-0.4004871671,15,1412330400,2014,10,3,12,"Friday",109,0,4.8,1.6,157.5,24.1,66,926.5,0,0,NA,NA,NA,NA,0
257,39.4614520571,-0.4004871671,15,1412334000,2014,10,3,13,"Friday",110,0,8,3.2,45,24.4,61,895.8,0,0,NA,NA,NA,NA,3
257,39.4614520571,-0.4004871671,15,1412337600,2014,10,3,14,"Friday",111,0,11.3,1.6,0,25.5,60,885.7,0,0,NA,NA,NA,NA,9
257,39.4614520571,-0.4004871671,15,1412341200,2014,10,3,15,"Friday",112,0,16.1,6.4,0,25.5,59,894.1,0,0,NA,NA,NA,NA,7
257,39.4614520571,-0.4004871671,15,1412344800,2014,10,3,16,"Friday",113,0,14.5,6.4,315,25.4,61,893.7,0,3,NA,NA,NA,NA,7
257,39.4614520571,-0.4004871671,15,1412348400,2014,10,3,17,"Friday",114,0,17.7,6.4,337.5,25.1,64,900.5,0,9,NA,NA,NA,NA,5
257,39.4614520571,-0.4004871671,15,1412352000,2014,10,3,18,"Friday",115,0,16.1,6.4,337.5,24.7,65,873.9,0,7,NA,NA,NA,NA,3
257,39.4614520571,-0.4004871671,15,1412355600,2014,10,3,19,"Friday",116,0,17.7,8,315,23.9,70,870.4,0,7,NA,NA,NA,NA,1
257,39.4614520571,-0.4004871671,15,1412359200,2014,10,3,20,"Friday",117,0,9.7,4.8,337.5,22.8,77,1002.7,0,5,NA,NA,NA,NA,1
257,39.4614520571,-0.4004871671,15,1412362800,2014,10,3,21,"Friday",118,0,8,3.2,337.5,22.5,79,911.4,0,3,NA,NA,NA,NA,6
257,39.4614520571,-0.4004871671,15,1412366400,2014,10,3,22,"Friday",119,0,3.2,0,337.5,22.4,80,908.6,0,1,NA,NA,NA,NA,5
257,39.4614520571,-0.4004871671,15,1412370000,2014,10,3,23,"Friday",120,0,3.2,0,315,22.1,81,894.2,0,1,NA,NA,NA,NA,8
257,39.4614520571,-0.4004871671,15,1412373600,2014,10,4,0,"Saturday",121,0,0,0,146.3,21.2,84,979,0,6,NA,NA,NA,NA,7
257,39.4614520571,-0.4004871671,15,1412377200,2014,10,4,1,"Saturday",122,0,4.8,1.6,157.5,20.3,86,1070.7,0,5,NA,NA,NA,NA,7
257,39.4614520571,-0.4004871671,15,1412380800,2014,10,4,2,"Saturday",123,0,3.2,0,157.5,19.9,86,1009.9,0,8,NA,NA,NA,NA,7
257,39.4614520571,-0.4004871671,15,1412384400,2014,10,4,3,"Saturday",124,0,4.8,1.6,157.5,19.4,86,1009.9,0,7,NA,NA,NA,NA,7
257,39.4614520571,-0.4004871671,15,1412388000,2014,10,4,4,"Saturday",125,0,6.4,1.6,157.5,19.2,87,956.8,0,7,NA,NA,NA,NA,8
257,39.4614520571,-0.4004871671,15,1412391600,2014,10,4,5,"Saturday",126,0,0,0,146.3,19.2,88,1045.8,0,7,NA,NA,NA,NA,9
257,39.4614520571,-0.4004871671,15,1412395200,2014,10,4,6,"Saturday",127,0,3.2,1.6,180,18.7,88,888.1,0,7,NA,NA,NA,NA,10
257,39.4614520571,-0.4004871671,15,1412398800,2014,10,4,7,"Saturday",128,0,3.2,0,180,18.6,87,852.9,0,8,NA,NA,NA,NA,10
257,39.4614520571,-0.4004871671,15,1412402400,2014,10,4,8,"Saturday",129,0,0,0,146.3,18.2,86,855.6,0,9,NA,NA,NA,NA,10
257,39.4614520571,-0.4004871671,15,1412406000,2014,10,4,9,"Saturday",130,0,4.8,1.6,135,18.8,86,878.7,0,10,NA,NA,NA,NA,10
257,39.4614520571,-0.4004871671,15,1412409600,2014,10,4,10,"Saturday",131,0,0,0,146.3,22.1,79,866.5,0,10,NA,NA,NA,NA,10
257,39.4614520571,-0.4004871671,15,1412413200,2014,10,4,11,"Saturday",132,0,6.4,1.6,315,23.2,72,894.6,0,10,NA,NA,NA,NA,9
257,39.4614520571,-0.4004871671,15,1412416800,2014,10,4,12,"Saturday",133,0,4.8,1.6,337.5,23.8,67,846.7,0,10,NA,NA,NA,NA,8
257,39.4614520571,-0.4004871671,15,1412420400,2014,10,4,13,"Saturday",134,0,11.3,3.2,337.5,25.1,64,875.9,0,10,NA,NA,NA,NA,9
257,39.4614520571,-0.4004871671,15,1412424000,2014,10,4,14,"Saturday",135,0,14.5,8,337.5,24.9,67,848.5,0,9,NA,NA,NA,NA,10
257,39.4614520571,-0.4004871671,15,1412427600,2014,10,4,15,"Saturday",136,0,14.5,6.4,315,25.6,65,1079.1,0,8,NA,NA,NA,NA,9
257,39.4614520571,-0.4004871671,15,1412431200,2014,10,4,16,"Saturday",137,0,20.9,8,22.5,25.1,66,1062.1,0,9,NA,NA,NA,NA,8
257,39.4614520571,-0.4004871671,15,1412434800,2014,10,4,17,"Saturday",138,0,14.5,8,337.5,24.9,67,890.5,0,10,NA,NA,NA,NA,9
257,39.4614520571,-0.4004871671,15,1412438400,2014,10,4,18,"Saturday",139,0,12.9,6.4,22.5,24.8,65,867.8,0,9,NA,NA,NA,NA,4
257,39.4614520571,-0.4004871671,15,1412442000,2014,10,4,19,"Saturday",140,0,12.9,6.4,337.5,24.3,71,1070.2,0,8,NA,NA,NA,NA,3
257,39.4614520571,-0.4004871671,15,1412445600,2014,10,4,20,"Saturday",141,0,6.4,1.6,67.5,23.7,74,1070,0,9,NA,NA,NA,NA,3
257,39.4614520571,-0.4004871671,15,1412449200,2014,10,4,21,"Saturday",142,0,8,4.8,67.5,23.2,81,875.9,0,4,NA,NA,NA,NA,2
257,39.4614520571,-0.4004871671,15,1412452800,2014,10,4,22,"Saturday",143,0,12.9,6.4,67.5,22.5,81,949.2,0,3,NA,NA,NA,NA,2
257,39.4614520571,-0.4004871671,15,1412456400,2014,10,4,23,"Saturday",144,0,9.7,4.8,135,22.3,80,931.1,0,3,NA,NA,NA,NA,4
257,39.4614520571,-0.4004871671,15,1412460000,2014,10,5,0,"Sunday",145,0,12.9,6.4,135,22.2,80,857.8,0,2,NA,NA,NA,NA,5
257,39.4614520571,-0.4004871671,15,1412463600,2014,10,5,1,"Sunday",146,0,4.8,1.6,135,21.6,80,863.7,0,2,NA,NA,NA,NA,3
257,39.4614520571,-0.4004871671,15,1412467200,2014,10,5,2,"Sunday",147,0,3.2,0,180,21.1,83,996.7,0,4,NA,NA,NA,NA,2
257,39.4614520571,-0.4004871671,15,1412470800,2014,10,5,3,"Sunday",148,0,3.2,0,180,21,83,977.3,0,5,NA,NA,NA,NA,1
257,39.4614520571,-0.4004871671,15,1412474400,2014,10,5,4,"Sunday",149,0,1.6,0,157.5,20.4,85,968.4,0,3,NA,NA,NA,NA,0
257,39.4614520571,-0.4004871671,15,1412478000,2014,10,5,5,"Sunday",150,0,1.6,0,180,20.2,86,885,0,2,NA,NA,NA,NA,0
257,39.4614520571,-0.4004871671,15,1412481600,2014,10,5,6,"Sunday",151,0,3.2,0,135,20.3,85,877.9,0,1,NA,NA,NA,NA,1
257,39.4614520571,-0.4004871671,15,1412485200,2014,10,5,7,"Sunday",152,0,4.8,1.6,157.5,20,86,875.7,0,0,NA,NA,NA,NA,1
257,39.4614520571,-0.4004871671,15,1412488800,2014,10,5,8,"Sunday",153,0,11.3,3.2,157.5,19.6,86,880.1,0,0,NA,NA,NA,NA,1
257,39.4614520571,-0.4004871671,15,1412492400,2014,10,5,9,"Sunday",154,0,6.4,1.6,157.5,19.7,85,880.4,0,1,NA,NA,NA,NA,0
257,39.4614520571,-0.4004871671,15,1412496000,2014,10,5,10,"Sunday",155,0,9.7,3.2,157.5,20.6,81,872.4,0,1,NA,NA,NA,NA,0
257,39.4614520571,-0.4004871671,15,1412499600,2014,10,5,11,"Sunday",156,0,14.5,3.2,67.5,23.2,70,991.1,0,1,NA,NA,NA,NA,0
257,39.4614520571,-0.4004871671,15,1412503200,2014,10,5,12,"Sunday",157,0,25.7,14.5,67.5,23.9,62,868.7,0,0,NA,NA,NA,NA,0
257,39.4614520571,-0.4004871671,15,1412506800,2014,10,5,13,"Sunday",158,0,33.8,19.3,45,23.2,70,967.5,0,0,NA,NA,NA,NA,1
257,39.4614520571,-0.4004871671,15,1412510400,2014,10,5,14,"Sunday",159,0,32.2,16.1,67.5,22.9,72,840,0,0,NA,NA,NA,NA,5
257,39.4614520571,-0.4004871671,15,1412514000,2014,10,5,15,"Sunday",160,0,33.8,16.1,45,23.2,71,826.5,0,0,NA,NA,NA,NA,5
257,39.4614520571,-0.4004871671,15,1412517600,2014,10,5,16,"Sunday",161,0,29,16.1,22.5,22.9,72,828.9,0,1,NA,NA,NA,NA,3
257,39.4614520571,-0.4004871671,15,1412521200,2014,10,5,17,"Sunday",162,0,29,14.5,67.5,22.8,73,828.9,0,5,NA,NA,NA,NA,4
257,39.4614520571,-0.4004871671,15,1412524800,2014,10,5,18,"Sunday",163,0,19.3,11.3,22.5,22.6,74,1017.7,0,5,NA,NA,NA,NA,0
257,39.4614520571,-0.4004871671,15,1412528400,2014,10,5,19,"Sunday",164,0,17.7,6.4,45,22.3,76,1019.4,0,3,NA,NA,NA,NA,1
257,39.4614520571,-0.4004871671,15,1412532000,2014,10,5,20,"Sunday",165,0,12.9,4.8,67.5,21.9,76,992.3,0,4,NA,NA,NA,NA,5
257,39.4614520571,-0.4004871671,15,1412535600,2014,10,5,21,"Sunday",166,0,11.3,4.8,22.5,21.7,78,970.4,0,0,NA,NA,NA,NA,4
257,39.4614520571,-0.4004871671,15,1412539200,2014,10,5,22,"Sunday",167,0,9.7,3.2,45,21.1,82,921.9,0,1,NA,NA,NA,NA,3
257,39.4614520571,-0.4004871671,15,1412542800,2014,10,5,23,"Sunday",168,0,9.7,4.8,67.5,20.8,83,1023.8,0,5,NA,NA,NA,NA,4
257,39.4614520571,-0.4004871671,15,1412546400,2014,10,6,0,"Monday",1,0,4.8,1.6,135,20.8,82,1023.8,0,4,NA,NA,NA,NA,5
257,39.4614520571,-0.4004871671,15,1412550000,2014,10,6,1,"Monday",2,0,4.8,1.6,112.5,20.9,82,1023.8,0,3,NA,NA,NA,NA,5
257,39.4614520571,-0.4004871671,15,1412553600,2014,10,6,2,"Monday",3,0,4.8,1.6,157.5,20.6,81,960.9,0,4,NA,NA,NA,NA,5
257,39.4614520571,-0.4004871671,15,1412557200,2014,10,6,3,"Monday",4,0,6.4,1.6,157.5,19.8,84,904,0,5,NA,NA,NA,NA,5
257,39.4614520571,-0.4004871671,15,1412560800,2014,10,6,4,"Monday",5,0,4.8,0,157.5,19.4,86,879.5,0,5,NA,NA,NA,NA,5
257,39.4614520571,-0.4004871671,15,1412564400,2014,10,6,5,"Monday",6,0,0,0,146.3,19.7,85,877.3,0,5,NA,NA,NA,NA,5
257,39.4614520571,-0.4004871671,15,1412568000,2014,10,6,6,"Monday",7,0,3.2,0,180,19.8,86,854.2,0,5,NA,NA,NA,NA,5
257,39.4614520571,-0.4004871671,15,1412571600,2014,10,6,7,"Monday",8,0,1.6,0,225,20.2,84,1001.8,0,5,NA,NA,NA,NA,4
257,39.4614520571,-0.4004871671,15,1412575200,2014,10,6,8,"Monday",9,0,4.8,0,247.5,20.1,84,872.4,0,5,NA,NA,NA,NA,0
257,39.4614520571,-0.4004871671,15,1412578800,2014,10,6,9,"Monday",10,0,3.2,0,225,20.3,84,1012.2,0,5,NA,NA,NA,NA,7
257,39.4614520571,-0.4004871671,15,1412582400,2014,10,6,10,"Monday",11,0,8,3.2,270,21.3,80,1012.4,0,4,NA,NA,NA,NA,10
257,39.4614520571,-0.4004871671,15,1412586000,2014,10,6,11,"Monday",12,0,9.7,3.2,247.5,22.6,76,1012.6,0,0,NA,NA,NA,NA,8
257,39.4614520571,-0.4004871671,15,1412589600,2014,10,6,12,"Monday",13,0,6.4,1.6,292.5,24.7,66,1012.2,0,7,NA,NA,NA,NA,8
257,39.4614520571,-0.4004871671,15,1412593200,2014,10,6,13,"Monday",14,0,11.3,3.2,225,25.6,63,1011.7,0,10,NA,NA,NA,NA,9
257,39.4614520571,-0.4004871671,15,1412596800,2014,10,6,14,"Monday",15,0,16.1,6.4,315,26.5,59,1010.9,0,8,NA,NA,NA,NA,12
257,39.4614520571,-0.4004871671,15,1412600400,2014,10,6,15,"Monday",16,0,22.5,9.7,337.5,25.8,67,1010.2,0,8,NA,NA,NA,NA,13
257,39.4614520571,-0.4004871671,15,1412604000,2014,10,6,16,"Monday",17,0,27.4,9.7,337.5,25.8,66,1009.5,0,9,NA,NA,NA,NA,13
257,39.4614520571,-0.4004871671,15,1412607600,2014,10,6,17,"Monday",18,0,29,11.3,337.5,25.6,68,1009,0,12,NA,NA,NA,NA,14
257,39.4614520571,-0.4004871671,15,1412611200,2014,10,6,18,"Monday",19,0,24.1,11.3,337.5,25.6,68,1008.9,0,13,NA,NA,NA,NA,14
257,39.4614520571,-0.4004871671,15,1412614800,2014,10,6,19,"Monday",20,0,24.1,8,292.5,24.9,71,1009,0,13,NA,NA,NA,NA,14
257,39.4614520571,-0.4004871671,15,1412618400,2014,10,6,20,"Monday",21,0,14.5,6.4,292.5,24.4,75,1009.1,0,14,NA,NA,NA,NA,13
257,39.4614520571,-0.4004871671,15,1412622000,2014,10,6,21,"Monday",22,0,6.4,1.6,292.5,24.1,75,1009.3,0,14,NA,NA,NA,NA,15
257,39.4614520571,-0.4004871671,15,1412625600,2014,10,6,22,"Monday",23,0,3.2,0,180,23.8,77,1009.9,0,14,NA,NA,NA,NA,14
257,39.4614520571,-0.4004871671,15,1412629200,2014,10,6,23,"Monday",24,0,9.7,3.2,180,22.6,80,1010.4,0,13,NA,NA,NA,NA,13
257,39.4614520571,-0.4004871671,15,1412632800,2014,10,7,0,"Tuesday",25,0,6.4,3.2,180,21.6,82,1010.5,0,15,NA,NA,NA,NA,13
257,39.4614520571,-0.4004871671,15,1412636400,2014,10,7,1,"Tuesday",26,0,8,3.2,180,21.2,83,1010.6,0,14,NA,NA,NA,NA,14
257,39.4614520571,-0.4004871671,15,1412640000,2014,10,7,2,"Tuesday",27,0,4.8,1.6,225,20.7,82,1010.6,0,13,NA,NA,NA,NA,14
257,39.4614520571,-0.4004871671,15,1412643600,2014,10,7,3,"Tuesday",28,0,9.7,3.2,202.5,20.4,73,1010.5,0,13,NA,NA,NA,NA,14
257,39.4614520571,-0.4004871671,15,1412647200,2014,10,7,4,"Tuesday",29,0,11.3,4.8,180,20.6,55,1010.2,0,14,NA,NA,NA,NA,14
257,39.4614520571,-0.4004871671,15,1412650800,2014,10,7,5,"Tuesday",30,0,1.6,0,112.5,19.8,57,1010,0,14,NA,NA,NA,NA,14
257,39.4614520571,-0.4004871671,15,1412654400,2014,10,7,6,"Tuesday",31,0,19.3,11.3,202.5,20.4,54,1010,0,14,NA,NA,NA,NA,14
257,39.4614520571,-0.4004871671,15,1412658000,2014,10,7,7,"Tuesday",32,0,9.7,1.6,225,20.1,58,1010.3,0,14,NA,NA,NA,NA,15
257,39.4614520571,-0.4004871671,15,1412661600,2014,10,7,8,"Tuesday",33,0,11.3,4.8,225,19.5,60,1010.6,0,14,NA,NA,NA,NA,8
257,39.4614520571,-0.4004871671,15,1412665200,2014,10,7,9,"Tuesday",34,0,14.5,4.8,202.5,20.2,59,1010.8,0,14,NA,NA,NA,NA,6
257,39.4614520571,-0.4004871671,15,1412668800,2014,10,7,10,"Tuesday",35,0,14.5,6.4,202.5,21.6,56,1011.3,0,15,NA,NA,NA,NA,6
257,39.4614520571,-0.4004871671,15,1412672400,2014,10,7,11,"Tuesday",36,0,27.4,12.9,202.5,23.9,51,1011.5,0,8,NA,NA,NA,NA,2
257,39.4614520571,-0.4004871671,15,1412676000,2014,10,7,12,"Tuesday",37,0,25.7,12.9,180,25.7,45,1011.4,0,6,NA,NA,NA,NA,2
257,39.4614520571,-0.4004871671,15,1412679600,2014,10,7,13,"Tuesday",38,0,30.6,12.9,202.5,26.9,43,1011.1,0,6,NA,NA,NA,NA,5
257,39.4614520571,-0.4004871671,15,1412683200,2014,10,7,14,"Tuesday",39,0,20.9,9.7,225,28.1,40,1010.7,0,2,NA,NA,NA,NA,3
257,39.4614520571,-0.4004871671,15,1412686800,2014,10,7,15,"Tuesday",40,0,33.8,11.3,247.5,29.1,38,1010,0,2,NA,NA,NA,NA,3
257,39.4614520571,-0.4004871671,15,1412690400,2014,10,7,16,"Tuesday",41,0,32.2,14.5,225,29.3,36,1009.5,0,5,NA,NA,NA,NA,4
257,39.4614520571,-0.4004871671,15,1412694000,2014,10,7,17,"Tuesday",42,0,29,12.9,270,30.1,34,1009.2,0,3,NA,NA,NA,NA,6
257,39.4614520571,-0.4004871671,15,1412697600,2014,10,7,18,"Tuesday",43,0,22.5,11.3,225,30.3,32,1008.9,0,3,NA,NA,NA,NA,4
257,39.4614520571,-0.4004871671,15,1412701200,2014,10,7,19,"Tuesday",44,0,22.5,11.3,315,26.3,66,1009,0,4,NA,NA,NA,NA,4
257,39.4614520571,-0.4004871671,15,1412704800,2014,10,7,20,"Tuesday",45,0,17.7,8,292.5,24.9,71,1009.6,0,6,NA,NA,NA,NA,2
257,39.4614520571,-0.4004871671,15,1412708400,2014,10,7,21,"Tuesday",46,0,17.7,8,292.5,24.7,65,1010.3,0,4,NA,NA,NA,NA,2
257,39.4614520571,-0.4004871671,15,1412712000,2014,10,7,22,"Tuesday",47,0,4.8,1.6,202.5,24.3,64,1010.8,0,4,NA,NA,NA,NA,3
257,39.4614520571,-0.4004871671,15,1412715600,2014,10,7,23,"Tuesday",48,0,6.4,3.2,180,24,50,1011.2,0,2,NA,NA,NA,NA,4
257,39.4614520571,-0.4004871671,15,1412719200,2014,10,8,0,"Wednesday",49,0,4.8,1.6,0,23.3,59,1011.7,0,2,NA,4,NA,4,5
257,39.4614520571,-0.4004871671,15,1412722800,2014,10,8,1,"Wednesday",50,0,3.2,0,270,22.6,54,1011.6,0,3,NA,3,NA,3,5
257,39.4614520571,-0.4004871671,15,1412726400,2014,10,8,2,"Wednesday",51,0,3.2,0,225,22,57,1011.7,0,4,NA,3,NA,3,5
257,39.4614520571,-0.4004871671,15,1412730000,2014,10,8,3,"Wednesday",52,0,1.6,0,180,21.5,59,1011.5,0,5,0,4,0,4,5
257,39.4614520571,-0.4004871671,15,1412733600,2014,10,8,4,"Wednesday",53,0,3.2,1.6,202.5,20.8,62,1011.1,0,5,1,4,1,4,5
257,39.4614520571,-0.4004871671,15,1412737200,2014,10,8,5,"Wednesday",54,0,3.2,0,202.5,19.8,67,1010.9,0,5,1,4,1,4,5
257,39.4614520571,-0.4004871671,15,1412740800,2014,10,8,6,"Wednesday",55,0,8,3.2,202.5,19.7,66,1010.8,0,5,0,4,0,4,5
257,39.4614520571,-0.4004871671,15,1412744400,2014,10,8,7,"Wednesday",56,0,9.7,4.8,202.5,19.6,67,1011.1,0,5,-1,3,-1,3,4
257,39.4614520571,-0.4004871671,15,1412748000,2014,10,8,8,"Wednesday",57,0,12.9,4.8,180,19.2,68,1011.2,0,5,-4,0,-4,0,0
257,39.4614520571,-0.4004871671,15,1412751600,2014,10,8,9,"Wednesday",58,0,11.3,6.4,180,19.5,65,1011.7,0,5,-4,0,-4,0,2
257,39.4614520571,-0.4004871671,15,1412755200,2014,10,8,10,"Wednesday",59,0,8,3.2,180,20.6,63,1012.2,0,4,-3,0,-3,0,4
257,39.4614520571,-0.4004871671,15,1412758800,2014,10,8,11,"Wednesday",60,0,9.7,4.8,180,23.4,55,1012.2,0,0,1,1,1,1,3
257,39.4614520571,-0.4004871671,15,1412762400,2014,10,8,12,"Wednesday",61,0,17.7,6.4,247.5,26.2,46,1012,0,2,1,1,1,1,0
257,39.4614520571,-0.4004871671,15,1412766000,2014,10,8,13,"Wednesday",62,0,14.5,6.4,225,27.6,40,1011.6,0,4,2,2,2,2,3
257,39.4614520571,-0.4004871671,15,1412769600,2014,10,8,14,"Wednesday",63,0,24.1,4.8,292.5,29.4,33,1010.7,0,3,3,4,3,4,6
257,39.4614520571,-0.4004871671,15,1412773200,2014,10,8,15,"Wednesday",64,0,20.9,9.7,315,28.3,48,1009.8,0,0,1,2,1,2,7
257,39.4614520571,-0.4004871671,15,1412776800,2014,10,8,16,"Wednesday",65,0,24.1,9.7,337.5,27.3,53,1009.3,0,3,1,3,1,3,11
257,39.4614520571,-0.4004871671,15,1412780400,2014,10,8,17,"Wednesday",66,0,29,14.5,315,27.1,56,1008.7,0,6,1,5,1,5,11
257,39.4614520571,-0.4004871671,15,1412784000,2014,10,8,18,"Wednesday",67,0,29,14.5,292.5,26.5,56,1008.7,0,7,5,7,5,7,11
257,39.4614520571,-0.4004871671,15,1412787600,2014,10,8,19,"Wednesday",68,0,20.9,11.3,315,25.6,59,1008.8,0,11,8,11,8,11,5
257,39.4614520571,-0.4004871671,15,1412791200,2014,10,8,20,"Wednesday",69,0,11.3,3.2,292.5,24.6,57,1009,0,11,7,12,7,12,2
257,39.4614520571,-0.4004871671,15,1412794800,2014,10,8,21,"Wednesday",70,0,3.2,0,135,24.1,60,1009.4,0,11,7,14,7,14,1
257,39.4614520571,-0.4004871671,15,1412798400,2014,10,8,22,"Wednesday",71,0,9.7,1.6,135,23.2,69,1009.9,0,5,0,11,0,11,6
257,39.4614520571,-0.4004871671,15,1412802000,2014,10,8,23,"Wednesday",72,0,8,0,90,22.5,70,1010.3,0,2,-2,10,-2,10,5
257,39.4614520571,-0.4004871671,15,1412805600,2014,10,9,0,"Thursday",73,1,4.8,1.6,180,22.1,68,1010.6,0,1,-3,11,-3,11,5
257,39.4614520571,-0.4004871671,15,1412809200,2014,10,9,1,"Thursday",74,1,0,0,NA,21.3,72,1010.4,0,6,0,11,0,11,5
257,39.4614520571,-0.4004871671,15,1412812800,2014,10,9,2,"Thursday",75,1,6.4,3.2,202.5,21.1,72,1010.3,0,5,3,13,3,13,4
257,39.4614520571,-0.4004871671,15,1412816400,2014,10,9,3,"Thursday",76,1,4.8,1.6,202.5,20.4,73,1010.4,0,5,2,13,2,13,4
257,39.4614520571,-0.4004871671,15,1412820000,2014,10,9,4,"Thursday",77,1,3.2,0,202.5,19.6,76,1010.1,0,5,2,13,2,13,2
257,39.4614520571,-0.4004871671,15,1412823600,2014,10,9,5,"Thursday",78,1,3.2,1.6,202.5,19.7,76,1009.8,0,4,0,13,0,13,2
257,39.4614520571,-0.4004871671,15,1412827200,2014,10,9,6,"Thursday",79,1,9.7,4.8,180,19.5,64,1009.8,0,4,0,13,0,13,2
257,39.4614520571,-0.4004871671,15,1412830800,2014,10,9,7,"Thursday",80,1,4.8,1.6,202.5,20.1,58,1010,0,2,0,13,0,13,2
257,39.4614520571,-0.4004871671,15,1412834400,2014,10,9,8,"Thursday",81,1,14.5,6.4,225,20.5,51,1010.7,0,2,-6,7,-6,7,2
257,39.4614520571,-0.4004871671,15,1412838000,2014,10,9,9,"Thursday",82,1,19.3,8,202.5,21.3,55,1011.1,0,2,-9,4,-9,4,1
257,39.4614520571,-0.4004871671,15,1412841600,2014,10,9,10,"Thursday",83,1,30.6,16.1,180,23.4,59,1011.5,0,2,-10,3,-10,3,2
257,39.4614520571,-0.4004871671,15,1412845200,2014,10,9,11,"Thursday",84,1,24.1,8,180,24.4,57,1012,0,2,-7,0,-7,0,2
257,39.4614520571,-0.4004871671,15,1412848800,2014,10,9,12,"Thursday",85,1,30.6,12.9,180,26.2,50,1011.8,0,1,-3,1,-3,1,1
257,39.4614520571,-0.4004871671,15,1412852400,2014,10,9,13,"Thursday",86,1,27.4,11.3,180,27.2,47,1011.6,0,2,-1,2,-1,2,1
257,39.4614520571,-0.4004871671,15,1412856000,2014,10,9,14,"Thursday",87,1,30.6,14.5,202.5,28.2,41,1010.8,0,2,3,3,3,3,1
257,39.4614520571,-0.4004871671,15,1412859600,2014,10,9,15,"Thursday",88,1,24.1,11.3,180,29.3,39,1010,0,1,-1,0,-1,0,2
257,39.4614520571,-0.4004871671,15,1412863200,2014,10,9,16,"Thursday",89,1,16.1,8,180,30.3,35,1009.4,0,1,0,2,0,2,2
257,39.4614520571,-0.4004871671,15,1412866800,2014,10,9,17,"Thursday",90,1,19.3,8,315,29.2,47,1009.1,0,1,-2,1,-2,1,2
257,39.4614520571,-0.4004871671,15,1412870400,2014,10,9,18,"Thursday",91,1,25.7,11.3,315,26.7,59,1008.9,0,2,2,2,2,2,5
257,39.4614520571,-0.4004871671,15,1412874000,2014,10,9,19,"Thursday",92,1,17.7,9.7,292.5,26.2,60,1009,0,2,-2,0,-2,0,6
257,39.4614520571,-0.4004871671,15,1412877600,2014,10,9,20,"Thursday",93,1,19.3,8,315,25,64,1009.1,0,2,4,5,4,5,6
257,39.4614520571,-0.4004871671,15,1412881200,2014,10,9,21,"Thursday",94,1,3.2,0,45,24.5,68,1009.9,0,5,4,6,4,6,4
257,39.4614520571,-0.4004871671,15,1412884800,2014,10,9,22,"Thursday",95,1,6.4,1.6,180,23.9,73,1010.2,0,6,7,7,7,7,0
257,39.4614520571,-0.4004871671,15,1412888400,2014,10,9,23,"Thursday",96,1,9.7,3.2,135,22.9,76,1010.7,0,6,1,6,1,6,2
257,39.4614520571,-0.4004871671,15,1412892000,2014,10,10,0,"Friday",97,0,6.4,1.6,180,22.6,75,1011,0,4,1,7,1,7,3
257,39.4614520571,-0.4004871671,15,1412895600,2014,10,10,1,"Friday",98,0,9.7,1.6,180,21.8,77,1011.1,0,0,0,7,0,7,4
257,39.4614520571,-0.4004871671,15,1412899200,2014,10,10,2,"Friday",99,0,0,0,NA,21.7,78,1011.2,0,2,1,7,1,7,3
257,39.4614520571,-0.4004871671,15,1412902800,2014,10,10,3,"Friday",100,0,6.4,1.6,180,20.7,79,1011.2,0,3,0,7,0,7,2
257,39.4614520571,-0.4004871671,15,1412906400,2014,10,10,4,"Friday",101,0,8,4.8,202.5,20.9,72,1010.6,0,4,0,7,0,7,2
257,39.4614520571,-0.4004871671,15,1412910000,2014,10,10,5,"Friday",102,0,6.4,3.2,180,20.2,76,1010.7,0,3,0,7,0,7,3
257,39.4614520571,-0.4004871671,15,1412913600,2014,10,10,6,"Friday",103,0,0,0,NA,19.7,75,1010.7,0,2,0,7,0,7,3
257,39.4614520571,-0.4004871671,15,1412917200,2014,10,10,7,"Friday",104,0,1.6,0,202.5,19.7,75,1010.9,0,2,-1,6,-1,6,3
257,39.4614520571,-0.4004871671,15,1412920800,2014,10,10,8,"Friday",105,0,3.2,0,180,19.4,73,1011,0,3,-7,0,-7,0,2
257,39.4614520571,-0.4004871671,15,1412924400,2014,10,10,9,"Friday",106,0,3.2,0,180,19.6,70,1011.4,0,3,-7,0,-7,0,2
257,39.4614520571,-0.4004871671,15,1412928000,2014,10,10,10,"Friday",107,0,3.2,0,180,20.6,67,1012,0,3,-6,0,-6,0,1
257,39.4614520571,-0.4004871671,15,1412931600,2014,10,10,11,"Friday",108,0,6.4,0,202.5,22.7,77,1012,0,2,0,0,0,0,1
257,39.4614520571,-0.4004871671,15,1412935200,2014,10,10,12,"Friday",109,0,6.4,1.6,180,25.1,62,1012,0,2,0,0,0,0,2
257,39.4614520571,-0.4004871671,15,1412938800,2014,10,10,13,"Friday",110,0,11.3,3.2,225,26.4,51,1011.8,0,1,3,3,3,3,0
257,39.4614520571,-0.4004871671,15,1412942400,2014,10,10,14,"Friday",111,0,14.5,4.8,292.5,28.6,41,1010.9,0,1,9,9,9,9,3
257,39.4614520571,-0.4004871671,15,1412946000,2014,10,10,15,"Friday",112,0,37,17.7,180,27.6,44,1010.6,0,2,7,7,7,7,1
257,39.4614520571,-0.4004871671,15,1412949600,2014,10,10,16,"Friday",113,0,24.1,9.7,202.5,27.8,41,1010,0,0,4,7,4,7,5
257,39.4614520571,-0.4004871671,15,1412953200,2014,10,10,17,"Friday",114,0,38.6,16.1,180,27.6,40,1010.3,0,3,-4,5,-4,5,4
257,39.4614520571,-0.4004871671,15,1412956800,2014,10,10,18,"Friday",115,0,24.1,12.9,180,27.1,41,1010.1,0,1,-4,3,-4,3,6
257,39.4614520571,-0.4004871671,15,1412960400,2014,10,10,19,"Friday",116,0,14.5,4.8,180,27.3,43,1010.5,0,5,-6,1,-6,1,6
257,39.4614520571,-0.4004871671,15,1412964000,2014,10,10,20,"Friday",117,0,16.1,6.4,180,26.3,49,1011.1,0,4,-4,1,-4,1,6
257,39.4614520571,-0.4004871671,15,1412967600,2014,10,10,21,"Friday",118,0,19.3,9.7,202.5,25.7,51,1011.5,0,6,3,6,3,6,8
257,39.4614520571,-0.4004871671,15,1412971200,2014,10,10,22,"Friday",119,0,16.1,6.4,225,25.1,53,1012.3,0,6,4,5,4,5,10
257,39.4614520571,-0.4004871671,15,1412974800,2014,10,10,23,"Friday",120,0,20.9,8,180,24.4,56,1012.5,0,6,7,8,7,8,8
257,39.4614520571,-0.4004871671,15,1412978400,2014,10,11,0,"Saturday",121,0,17.7,9.7,225,23.9,60,1012.9,0,8,1,7,1,7,5
257,39.4614520571,-0.4004871671,15,1412982000,2014,10,11,1,"Saturday",122,0,17.7,9.7,225,23.1,62,1012.9,0,10,2,7,2,7,4
257,39.4614520571,-0.4004871671,15,1412985600,2014,10,11,2,"Saturday",123,0,16.1,6.4,202.5,22.2,65,1012.7,0,8,-1,7,-1,7,5
257,39.4614520571,-0.4004871671,15,1412989200,2014,10,11,3,"Saturday",124,0,16.1,4.8,225,21.7,67,1012.8,0,5,0,7,0,7,6
257,39.4614520571,-0.4004871671,15,1412992800,2014,10,11,4,"Saturday",125,0,24.1,12.9,202.5,21.3,68,1012.5,0,4,1,8,1,8,6
257,39.4614520571,-0.4004871671,15,1412996400,2014,10,11,5,"Saturday",126,0,14.5,6.4,180,20.9,69,1012.3,0,5,2,9,2,9,6
257,39.4614520571,-0.4004871671,15,1.413e+09,2014,10,11,6,"Saturday",127,0,14.5,8,202.5,20.7,69,1012.4,0,6,3,10,3,10,6
257,39.4614520571,-0.4004871671,15,1413003600,2014,10,11,7,"Saturday",128,0,14.5,8,202.5,20.2,70,1012.2,0,6,2,10,2,10,6
257,39.4614520571,-0.4004871671,15,1413007200,2014,10,11,8,"Saturday",129,0,11.3,4.8,202.5,19.4,72,1012.7,0,6,1,10,1,10,6
257,39.4614520571,-0.4004871671,15,1413010800,2014,10,11,9,"Saturday",130,0,3.2,0,180,20.1,70,1012.8,0,6,0,10,0,10,6
257,39.4614520571,-0.4004871671,15,1413014400,2014,10,11,10,"Saturday",131,0,4.8,0,270,22.3,62,1013.4,0,6,0,10,0,10,6
257,39.4614520571,-0.4004871671,15,1413018000,2014,10,11,11,"Saturday",132,0,4.8,0,180,22.6,61,1013.1,0,6,-1,9,-1,9,5
257,39.4614520571,-0.4004871671,15,1413021600,2014,10,11,12,"Saturday",133,0,3.2,0,337.5,24.6,54,1013.1,0,6,-2,8,-2,8,4
257,39.4614520571,-0.4004871671,15,1413025200,2014,10,11,13,"Saturday",134,0,9.7,1.6,0,26,50,1012.8,0,6,-1,9,-1,9,5
257,39.4614520571,-0.4004871671,15,1413028800,2014,10,11,14,"Saturday",135,0,14.5,6.4,45,24.8,55,1012.4,0,5,1,10,1,10,7
257,39.4614520571,-0.4004871671,15,1413032400,2014,10,11,15,"Saturday",136,0,16.1,4.8,45,25.1,59,1011.6,0,4,1,9,1,9,8
257,39.4614520571,-0.4004871671,15,1413036000,2014,10,11,16,"Saturday",137,0,14.5,6.4,45,24.1,63,1011.3,0,5,-1,8,-1,8,8
257,39.4614520571,-0.4004871671,15,1413039600,2014,10,11,17,"Saturday",138,0,16.1,8,45,23.4,66,1010.6,0,7,-1,9,-1,9,9
257,39.4614520571,-0.4004871671,15,1413043200,2014,10,11,18,"Saturday",139,0,19.3,8,45,23.1,68,1010.4,0,8,-5,4,-5,4,6
257,39.4614520571,-0.4004871671,15,1413046800,2014,10,11,19,"Saturday",140,0,16.1,6.4,45,22.4,76,1010,0,8,-5,3,-5,3,2
257,39.4614520571,-0.4004871671,15,1413050400,2014,10,11,20,"Saturday",141,0,12.9,6.4,45,22.2,77,1010.1,0,9,-6,3,-6,3,2
257,39.4614520571,-0.4004871671,15,1413054000,2014,10,11,21,"Saturday",142,0,14.5,6.4,45,22.1,78,1009.7,0,6,-2,2,-2,2,4
257,39.4614520571,-0.4004871671,15,1413057600,2014,10,11,22,"Saturday",143,0,6.4,1.6,45,22.3,79,1010.8,0,2,-1,2,-1,2,6
257,39.4614520571,-0.4004871671,15,1413061200,2014,10,11,23,"Saturday",144,0,14.5,6.4,45,21.8,82,1009.7,0,2,1,4,1,4,10
257,39.4614520571,-0.4004871671,15,1413064800,2014,10,12,0,"Sunday",145,1,19.3,9.7,45,21.9,81,1008.6,0,4,3,5,3,5,11
257,39.4614520571,-0.4004871671,15,1413068400,2014,10,12,1,"Sunday",146,1,22.5,4.8,45,22.1,82,1009,0,6,1,3,1,3,10
257,39.4614520571,-0.4004871671,15,1413072000,2014,10,12,2,"Sunday",147,1,22.5,9.7,292.5,22.2,79,1009.7,0,10,-2,2,-2,2,6
257,39.4614520571,-0.4004871671,15,1413075600,2014,10,12,3,"Sunday",148,1,3.2,0,0,21.3,79,1008.5,0,11,-4,1,-4,1,7
257,39.4614520571,-0.4004871671,15,1413079200,2014,10,12,4,"Sunday",149,1,8,1.6,247.5,21.4,75,1007.5,0,10,-3,0,-3,0,8
257,39.4614520571,-0.4004871671,15,1413082800,2014,10,12,5,"Sunday",150,1,9.7,3.2,225,21.3,75,1008.4,0,6,-2,0,-2,0,8
257,39.4614520571,-0.4004871671,15,1413086400,2014,10,12,6,"Sunday",151,1,19.3,6.4,180,21.2,54,1008,0,7,0,1,0,1,8
257,39.4614520571,-0.4004871671,15,1413090000,2014,10,12,7,"Sunday",152,1,11.3,4.8,202.5,21.4,51,1007.8,0,8,1,1,1,1,8
257,39.4614520571,-0.4004871671,15,1413093600,2014,10,12,8,"Sunday",153,1,14.5,6.4,225,20.3,56,1008,0,8,1,1,1,1,8
257,39.4614520571,-0.4004871671,15,1413097200,2014,10,12,9,"Sunday",154,1,25.7,11.3,225,20.6,59,1008.3,0,8,-1,0,-1,0,8
257,39.4614520571,-0.4004871671,15,1413100800,2014,10,12,10,"Sunday",155,1,17.7,8,225,21.6,57,1008.7,0,8,-1,0,-1,0,9
257,39.4614520571,-0.4004871671,15,1413104400,2014,10,12,11,"Sunday",156,1,22.5,9.7,247.5,22.8,54,1009,0,8,-1,0,-1,0,9
257,39.4614520571,-0.4004871671,15,1413108000,2014,10,12,12,"Sunday",157,1,20.9,8,247.5,23.7,50,1008.9,0,8,0,0,0,0,9
257,39.4614520571,-0.4004871671,15,1413111600,2014,10,12,13,"Sunday",158,1,16.1,8,315,24.9,46,1008.7,0,9,1,1,1,1,9
257,39.4614520571,-0.4004871671,15,1413115200,2014,10,12,14,"Sunday",159,1,16.1,8,292.5,26.4,41,1007.8,0,9,5,5,5,5,8
257,39.4614520571,-0.4004871671,15,1413118800,2014,10,12,15,"Sunday",160,1,17.7,6.4,292.5,27.1,41,1006.8,0,9,5,5,5,5,6
257,39.4614520571,-0.4004871671,15,1413122400,2014,10,12,16,"Sunday",161,1,17.7,4.8,0,25.7,51,1006.5,0,9,2,3,2,3,9
257,39.4614520571,-0.4004871671,15,1413126000,2014,10,12,17,"Sunday",162,1,11.3,3.2,135,19.2,81,1008.1,0,8,-1,4,-1,4,9
257,39.4614520571,-0.4004871671,15,1413129600,2014,10,12,18,"Sunday",163,1,3.2,0,202.5,20,68,1007.5,0,6,-5,0,-5,0,9
257,39.4614520571,-0.4004871671,15,1413133200,2014,10,12,19,"Sunday",164,1,6.4,1.6,202.5,21,61,1007.6,0,9,-2,1,-2,1,8
257,39.4614520571,-0.4004871671,15,1413136800,2014,10,12,20,"Sunday",165,1,14.5,6.4,270,20.7,64,1008.5,0,9,1,5,1,5,8
257,39.4614520571,-0.4004871671,15,1413140400,2014,10,12,21,"Sunday",166,1,12.9,6.4,247.5,20.3,65,1009,0,9,4,4,4,4,9
257,39.4614520571,-0.4004871671,15,1413144000,2014,10,12,22,"Sunday",167,1,9.7,1.6,247.5,20.1,65,1009.7,0,8,2,3,2,3,8
257,39.4614520571,-0.4004871671,15,1413147600,2014,10,12,23,"Sunday",168,1,22.5,11.3,225,20.6,55,1010.2,0,8,-1,4,-1,4,7
257,39.4614520571,-0.4004871671,15,1413151200,2014,10,13,0,"Monday",1,0,32.2,14.5,180,19.6,53,1010.1,0,9,1,5,1,5,8
257,39.4614520571,-0.4004871671,15,1413154800,2014,10,13,1,"Monday",2,0,29,14.5,180,18.9,57,1010.2,0,8,2,5,2,5,8
257,39.4614520571,-0.4004871671,15,1413158400,2014,10,13,2,"Monday",3,0,24.1,11.3,180,18.4,60,1010.4,0,7,1,5,1,5,7
257,39.4614520571,-0.4004871671,15,1413162000,2014,10,13,3,"Monday",4,0,6.4,1.6,135,18.1,61,1010.6,0,8,0,5,0,5,7
257,39.4614520571,-0.4004871671,15,1413165600,2014,10,13,4,"Monday",5,0,9.7,3.2,202.5,18.1,61,1010.4,0,8,0,5,0,5,7
257,39.4614520571,-0.4004871671,15,1413169200,2014,10,13,5,"Monday",6,0,14.5,4.8,202.5,17.9,61,1010.5,0,7,0,5,0,5,7
257,39.4614520571,-0.4004871671,15,1413172800,2014,10,13,6,"Monday",7,0,9.7,1.6,157.5,17.4,64,1010.4,0,7,0,5,0,5,7
257,39.4614520571,-0.4004871671,15,1413176400,2014,10,13,7,"Monday",8,0,17.7,9.7,225,17.9,61,1009.9,0,7,-1,4,-1,4,7
257,39.4614520571,-0.4004871671,15,1413180000,2014,10,13,8,"Monday",9,0,17.7,9.7,225,17.7,60,1010.2,0,7,-5,0,-5,0,1
257,39.4614520571,-0.4004871671,15,1413183600,2014,10,13,9,"Monday",10,0,16.1,6.4,225,18.2,60,1010.6,0,7,2,7,2,7,0
257,39.4614520571,-0.4004871671,15,1413187200,2014,10,13,10,"Monday",11,0,22.5,9.7,180,19.2,58,1011,0,7,6,10,6,10,5
257,39.4614520571,-0.4004871671,15,1413190800,2014,10,13,11,"Monday",12,0,41.8,20.9,202.5,20.1,57,1011,0,1,8,8,8,8,6
257,39.4614520571,-0.4004871671,15,1413194400,2014,10,13,12,"Monday",13,0,40.2,19.3,180,21.1,56,1010.8,0,0,1,8,1,8,6
257,39.4614520571,-0.4004871671,15,1413198000,2014,10,13,13,"Monday",14,0,30.6,14.5,180,22.2,50,1010.4,0,5,-1,9,-1,9,6
257,39.4614520571,-0.4004871671,15,1413201600,2014,10,13,14,"Monday",15,0,38.6,20.9,202.5,22.8,48,1009.9,0,6,4,12,4,12,7
257,39.4614520571,-0.4004871671,15,1413205200,2014,10,13,15,"Monday",16,0,30.6,14.5,180,23.7,46,1009.3,0,6,5,13,5,13,8
257,39.4614520571,-0.4004871671,15,1413208800,2014,10,13,16,"Monday",17,0,32.2,16.1,180,23.8,44,1009,0,6,4,13,4,13,9
257,39.4614520571,-0.4004871671,15,1413212400,2014,10,13,17,"Monday",18,0,35.4,19.3,202.5,23.6,42,1008.7,0,7,2,14,2,14,9
257,39.4614520571,-0.4004871671,15,1413216000,2014,10,13,18,"Monday",19,0,30.6,14.5,202.5,23.4,42,1008.8,0,8,1,14,1,14,11
257,39.4614520571,-0.4004871671,15,1413219600,2014,10,13,19,"Monday",20,0,22.5,12.9,180,23,43,1009.1,0,9,1,14,1,14,11
257,39.4614520571,-0.4004871671,15,1413223200,2014,10,13,20,"Monday",21,0,16.1,6.4,180,22.4,43,1009.4,0,9,-1,13,-1,13,9
257,39.4614520571,-0.4004871671,15,1413226800,2014,10,13,21,"Monday",22,0,20.9,9.7,180,22,43,1009.3,0,11,1,15,1,15,10
257,39.4614520571,-0.4004871671,15,1413230400,2014,10,13,22,"Monday",23,0,16.1,4.8,180,21.6,44,1009,0,11,0,14,0,14,10
257,39.4614520571,-0.4004871671,15,1413234000,2014,10,13,23,"Monday",24,0,9.7,1.6,180,20.8,47,1009.4,0,9,0,13,0,13,9
257,39.4614520571,-0.4004871671,15,1413237600,2014,10,14,0,"Tuesday",25,0,12.9,3.2,225,20.3,48,1009.3,0,10,-2,13,-2,13,9
257,39.4614520571,-0.4004871671,15,1413241200,2014,10,14,1,"Tuesday",26,0,11.3,3.2,225,19.9,50,1009,0,10,0,14,0,14,7
257,39.4614520571,-0.4004871671,15,1413244800,2014,10,14,2,"Tuesday",27,0,4.8,1.6,247.5,19.7,51,1008.6,0,9,1,14,1,14,7
257,39.4614520571,-0.4004871671,15,1413248400,2014,10,14,3,"Tuesday",28,0,6.4,1.6,225,19.3,51,1008.2,0,9,1,14,1,14,6
257,39.4614520571,-0.4004871671,15,1413252000,2014,10,14,4,"Tuesday",29,0,11.3,4.8,202.5,18.8,53,1007,0,7,0,14,0,14,6
257,39.4614520571,-0.4004871671,15,1413255600,2014,10,14,5,"Tuesday",30,0,12.9,4.8,180,18.3,56,1006.8,0,7,0,14,0,14,6
257,39.4614520571,-0.4004871671,15,1413259200,2014,10,14,6,"Tuesday",31,0,12.9,4.8,180,18.1,61,1007,0,6,0,14,0,14,6
257,39.4614520571,-0.4004871671,15,1413262800,2014,10,14,7,"Tuesday",32,0,19.3,9.7,180,16.7,72,1006.8,0,6,1,15,1,15,6
257,39.4614520571,-0.4004871671,15,1413266400,2014,10,14,8,"Tuesday",33,0,24.1,11.3,180,15.7,79,1006.6,0,6,-6,8,-6,8,1
257,39.4614520571,-0.4004871671,15,1413270000,2014,10,14,9,"Tuesday",34,0,14.5,6.4,180,15.6,79,1006.5,0,6,-8,6,-8,6,1
257,39.4614520571,-0.4004871671,15,1413273600,2014,10,14,10,"Tuesday",35,0,16.1,6.4,180,16.2,74,1006.8,0,6,-9,6,-9,6,1
257,39.4614520571,-0.4004871671,15,1413277200,2014,10,14,11,"Tuesday",36,0,11.3,4.8,180,16.8,70,1007.3,0,1,-6,2,-6,2,1
257,39.4614520571,-0.4004871671,15,1413280800,2014,10,14,12,"Tuesday",37,0,12.9,4.8,180,17.4,68,1007.7,0,1,-4,2,-4,2,9
257,39.4614520571,-0.4004871671,15,1413284400,2014,10,14,13,"Tuesday",38,0,12.9,4.8,225,18.3,65,1007.8,0,1,-1,5,-1,5,13
257,39.4614520571,-0.4004871671,15,1413288000,2014,10,14,14,"Tuesday",39,0,16.1,8,180,18.8,58,1007,0,1,1,3,1,3,12
257,39.4614520571,-0.4004871671,15,1413291600,2014,10,14,15,"Tuesday",40,0,16.1,4.8,157.5,20.1,51,1006.3,0,9,1,3,1,3,10
257,39.4614520571,-0.4004871671,15,1413295200,2014,10,14,16,"Tuesday",41,0,25.7,9.7,157.5,21.4,44,1005.8,0,13,-1,4,-1,4,8
257,39.4614520571,-0.4004871671,15,1413298800,2014,10,14,17,"Tuesday",42,0,19.3,8,180,21.8,41,1005.6,0,12,3,6,3,6,8
257,39.4614520571,-0.4004871671,15,1413302400,2014,10,14,18,"Tuesday",43,0,17.7,6.4,180,21.7,41,1005.8,0,10,1,4,1,4,4
257,39.4614520571,-0.4004871671,15,1413306000,2014,10,14,19,"Tuesday",44,0,19.3,8,180,21.5,44,1006.1,0,8,0,4,0,4,1
257,39.4614520571,-0.4004871671,15,1413309600,2014,10,14,20,"Tuesday",45,0,9.7,1.6,90,20.3,54,1007,0,8,-4,2,-4,2,2
257,39.4614520571,-0.4004871671,15,1413313200,2014,10,14,21,"Tuesday",46,0,1.6,0,0,19.8,60,1007.9,0,4,-2,2,-2,2,5
257,39.4614520571,-0.4004871671,15,1413316800,2014,10,14,22,"Tuesday",47,0,0,0,NA,19.8,58,1008.6,0,1,-1,3,-1,3,6
257,39.4614520571,-0.4004871671,15,1413320400,2014,10,14,23,"Tuesday",48,0,1.6,0,90,19.6,60,1009.1,0,2,2,4,2,4,6
257,39.4614520571,-0.4004871671,15,1413324000,2014,10,15,0,"Wednesday",49,0,6.4,1.6,180,19.3,55,1009.5,0,5,3,4.5,3,4.5,6
257,39.4614520571,-0.4004871671,15,1413327600,2014,10,15,1,"Wednesday",50,0,24.1,8,157.5,19.3,53,1009.5,0,6,2,4,2,4,6
257,39.4614520571,-0.4004871671,15,1413331200,2014,10,15,2,"Wednesday",51,0,14.5,4.8,180,18.8,55,1009.8,0,6,1,4,1,4,6
257,39.4614520571,-0.4004871671,15,1413334800,2014,10,15,3,"Wednesday",52,0,14.5,8,180,18.4,57,1010,0,6,0,4.5,0,4.5,6
257,39.4614520571,-0.4004871671,15,1413338400,2014,10,15,4,"Wednesday",53,0,11.3,4.8,225,17.6,60,1009.7,0,6,0.5,4.5,0.5,4.5,6
257,39.4614520571,-0.4004871671,15,1413342000,2014,10,15,5,"Wednesday",54,0,9.7,4.8,202.5,17.4,61,1010.1,0,6,0.5,4.5,0.5,4.5,6
257,39.4614520571,-0.4004871671,15,1413345600,2014,10,15,6,"Wednesday",55,0,14.5,6.4,202.5,16.9,63,1010.2,0,6,0,4.5,0,4.5,6
257,39.4614520571,-0.4004871671,15,1413349200,2014,10,15,7,"Wednesday",56,0,12.9,6.4,180,16.8,63,1010.5,0,6,-1,3.5,-1,3.5,5
257,39.4614520571,-0.4004871671,15,1413352800,2014,10,15,8,"Wednesday",57,0,6.4,1.6,180,16.8,61,1010.8,0,6,-4.5,0,-4.5,0,0
257,39.4614520571,-0.4004871671,15,1413356400,2014,10,15,9,"Wednesday",58,0,9.7,3.2,180,17.2,59,1011.3,0,6,-3.5,1,-3.5,1,7
257,39.4614520571,-0.4004871671,15,1413360000,2014,10,15,10,"Wednesday",59,0,12.9,4.8,180,18.5,55,1011.9,0,5,-1.5,2,-1.5,2,3
257,39.4614520571,-0.4004871671,15,1413363600,2014,10,15,11,"Wednesday",60,0,12.9,3.2,225,20.2,51,1012,0,0,2,2,2,2,3
257,39.4614520571,-0.4004871671,15,1413367200,2014,10,15,12,"Wednesday",61,0,29,12.9,180,21.5,45,1012.1,0,7,-0.5,0.5,-0.5,0.5,4
257,39.4614520571,-0.4004871671,15,1413370800,2014,10,15,13,"Wednesday",62,0,30.6,14.5,180,22.9,41,1011.7,0,3,0.5,2.5,0.5,2.5,9
257,39.4614520571,-0.4004871671,15,1413374400,2014,10,15,14,"Wednesday",63,0,22.5,11.3,180,23.8,38,1011.1,0,3,3,5,3,5,10
257,39.4614520571,-0.4004871671,15,1413378000,2014,10,15,15,"Wednesday",64,0,20.9,8,202.5,25.1,40,1010.6,0,4,4,4.5,4,4.5,8
257,39.4614520571,-0.4004871671,15,1413381600,2014,10,15,16,"Wednesday",65,0,24.1,11.3,202.5,26.2,41,1010.3,0,9,4.5,7,4.5,7,8
257,39.4614520571,-0.4004871671,15,1413385200,2014,10,15,17,"Wednesday",66,0,35.4,19.3,202.5,25.7,44,1010,0,10,3,8,3,8,10
257,39.4614520571,-0.4004871671,15,1413388800,2014,10,15,18,"Wednesday",67,0,32.2,16.1,202.5,25.8,43,1010.4,0,8,4.5,9,4.5,9,10
257,39.4614520571,-0.4004871671,15,1413392400,2014,10,15,19,"Wednesday",68,0,33.8,19.3,202.5,24.9,48,1011,0,8,1,8,1,8,12
257,39.4614520571,-0.4004871671,15,1413396000,2014,10,15,20,"Wednesday",69,0,32.2,16.1,202.5,23.7,52,1011.1,0,10,-1,7,-1,7,10
257,39.4614520571,-0.4004871671,15,1413399600,2014,10,15,21,"Wednesday",70,0,41.8,24.1,180,23.4,54,1011.9,0,10,-1.5,7.5,-1.5,7.5,12
257,39.4614520571,-0.4004871671,15,1413403200,2014,10,15,22,"Wednesday",71,0,29,16.1,180,23.1,56,1012.5,0,12,0.5,8.5,0.5,8.5,12
257,39.4614520571,-0.4004871671,15,1413406800,2014,10,15,23,"Wednesday",72,0,32.2,9.7,180,22.8,58,1013,0,10,0.5,7.5,0.5,7.5,11
257,39.4614520571,-0.4004871671,15,1413410400,2014,10,16,0,"Thursday",73,0,27.4,12.9,180,22.6,60,1013,0,12,0.5,8,0.5,8,11
257,39.4614520571,-0.4004871671,15,1413414000,2014,10,16,1,"Thursday",74,0,19.3,8,180,22.4,60,1012.6,0,12,-0.5,8,-0.5,8,9
257,39.4614520571,-0.4004871671,15,1413417600,2014,10,16,2,"Thursday",75,0,24.1,11.3,202.5,21.7,65,1012.8,0,11,1,8.5,1,8.5,9
257,39.4614520571,-0.4004871671,15,1413421200,2014,10,16,3,"Thursday",76,0,9.7,3.2,225,21.2,66,1013,0,11,0.5,8.5,0.5,8.5,9
257,39.4614520571,-0.4004871671,15,1413424800,2014,10,16,4,"Thursday",77,0,25.7,12.9,225,21.6,66,1012.6,0,9,-0.5,7.5,-0.5,7.5,9
257,39.4614520571,-0.4004871671,15,1413428400,2014,10,16,5,"Thursday",78,0,22.5,9.7,225,21.1,68,1012.3,0,9,-1,7.5,-1,7.5,9
257,39.4614520571,-0.4004871671,15,1413432000,2014,10,16,6,"Thursday",79,0,22.5,12.9,202.5,21.2,68,1012.4,0,9,-1,7.5,-1,7.5,9
257,39.4614520571,-0.4004871671,15,1413435600,2014,10,16,7,"Thursday",80,0,24.1,11.3,202.5,21.9,65,1012.7,0,9,0,7.5,0,7.5,9
257,39.4614520571,-0.4004871671,15,1413439200,2014,10,16,8,"Thursday",81,0,20.9,11.3,202.5,21.4,66,1012.4,0,9,-3,4.5,-3,4.5,0
257,39.4614520571,-0.4004871671,15,1413442800,2014,10,16,9,"Thursday",82,0,17.7,9.7,225,21.3,67,1012.9,0,9,-5,2.5,-5,2.5,7
257,39.4614520571,-0.4004871671,15,1413446400,2014,10,16,10,"Thursday",83,0,27.4,12.9,202.5,22.2,65,1013.2,0,9,-5,2.5,-5,2.5,7
257,39.4614520571,-0.4004871671,15,1413450000,2014,10,16,11,"Thursday",84,0,30.6,16.1,202.5,23.5,60,1013.5,0,0,-3.5,1,-3.5,1,8
257,39.4614520571,-0.4004871671,15,1413453600,2014,10,16,12,"Thursday",85,0,38.6,16.1,180,25,53,1013.5,0,7,-1.5,1,-1.5,1,8
257,39.4614520571,-0.4004871671,15,1413457200,2014,10,16,13,"Thursday",86,0,29,14.5,180,25.7,52,1013.6,0,7,-1,1.5,-1,1.5,5
257,39.4614520571,-0.4004871671,15,1413460800,2014,10,16,14,"Thursday",87,0,27.4,16.1,202.5,26.4,50,1012.9,0,8,1,2,1,2,4
257,39.4614520571,-0.4004871671,15,1413464400,2014,10,16,15,"Thursday",88,0,33.8,16.1,202.5,27.5,46,1012.2,0,8,0,1,0,1,0
257,39.4614520571,-0.4004871671,15,1413468000,2014,10,16,16,"Thursday",89,0,29,12.9,202.5,28.7,43,1011.7,0,5,0.5,2,0.5,2,6
257,39.4614520571,-0.4004871671,15,1413471600,2014,10,16,17,"Thursday",90,0,29,14.5,225,29.4,39,1011.7,0,4,-0.5,1.5,-0.5,1.5,7
257,39.4614520571,-0.4004871671,15,1413475200,2014,10,16,18,"Thursday",91,0,25.7,11.3,225,29.7,37,1011.3,0,0,2.5,3.5,2.5,3.5,4
257,39.4614520571,-0.4004871671,15,1413478800,2014,10,16,19,"Thursday",92,0,20.9,8,270,29.1,39,1011.7,0,6,1,3,1,3,4
257,39.4614520571,-0.4004871671,15,1413482400,2014,10,16,20,"Thursday",93,0,22.5,11.3,180,27.5,41,1012.5,0,7,4,5.5,4,5.5,2
257,39.4614520571,-0.4004871671,15,1413486000,2014,10,16,21,"Thursday",94,0,16.1,8,180,26.8,44,1013.3,0,4,1.5,5,1.5,5,1
257,39.4614520571,-0.4004871671,15,1413489600,2014,10,16,22,"Thursday",95,0,25.7,12.9,180,25.7,47,1013.7,0,4,0.5,3.5,0.5,3.5,4
257,39.4614520571,-0.4004871671,15,1413493200,2014,10,16,23,"Thursday",96,0,24.1,12.9,180,24.9,50,1014.3,0,2,-1.5,4,-1.5,4,5
257,39.4614520571,-0.4004871671,15,1413496800,2014,10,17,0,"Friday",97,0,19.3,9.7,180,24.2,52,1014.5,0,1,0,5,0,5,5
257,39.4614520571,-0.4004871671,15,1413500400,2014,10,17,1,"Friday",98,0,8,1.6,270,22.3,59,1014.8,0,4,2,5.5,2,5.5,4
257,39.4614520571,-0.4004871671,15,1413504000,2014,10,17,2,"Friday",99,0,4.8,1.6,315,22.1,60,1014.7,0,5,1,5,1,5,3
257,39.4614520571,-0.4004871671,15,1413507600,2014,10,17,3,"Friday",100,0,9.7,4.8,225,21.7,60,1014.9,0,5,-0.5,4.5,-0.5,4.5,3
257,39.4614520571,-0.4004871671,15,1413511200,2014,10,17,4,"Friday",101,0,17.7,8,202.5,21.4,59,1014.8,0,4,-1,4.5,-1,4.5,3
257,39.4614520571,-0.4004871671,15,1413514800,2014,10,17,5,"Friday",102,0,12.9,6.4,225,20.7,62,1014.9,0,3,0,5,0,5,3
257,39.4614520571,-0.4004871671,15,1413518400,2014,10,17,6,"Friday",103,0,8,3.2,202.5,19.8,65,1015.4,0,3,0.5,5,0.5,5,3
257,39.4614520571,-0.4004871671,15,1413522000,2014,10,17,7,"Friday",104,0,12.9,6.4,270,19.3,67,1015.6,0,3,0,4.5,0,4.5,3
257,39.4614520571,-0.4004871671,15,1413525600,2014,10,17,8,"Friday",105,0,12.9,6.4,225,19.2,68,1015.6,0,3,-4,1,-4,1,0
257,39.4614520571,-0.4004871671,15,1413529200,2014,10,17,9,"Friday",106,0,12.9,4.8,202.5,19.4,68,1016.4,0,3,-4,1,-4,1,5
257,39.4614520571,-0.4004871671,15,1413532800,2014,10,17,10,"Friday",107,0,14.5,6.4,180,20.8,62,1016.7,0,3,-4,0.5,-4,0.5,5
257,39.4614520571,-0.4004871671,15,1413536400,2014,10,17,11,"Friday",108,0,11.3,4.8,202.5,22.9,57,1017.2,0,0,-0.5,0.5,-0.5,0.5,5
257,39.4614520571,-0.4004871671,15,1413540000,2014,10,17,12,"Friday",109,0,8,1.6,202.5,25.4,51,1017.2,0,5,0,1,0,1,6
257,39.4614520571,-0.4004871671,15,1413543600,2014,10,17,13,"Friday",110,0,11.3,4.8,247.5,27.8,42,1016.8,0,5,1,1.5,1,1.5,7
257,39.4614520571,-0.4004871671,15,1413547200,2014,10,17,14,"Friday",111,0,14.5,4.8,225,29.1,34,1016.1,0,5,5.5,6,5.5,6,6
257,39.4614520571,-0.4004871671,15,1413550800,2014,10,17,15,"Friday",112,0,17.7,4.8,292.5,29.7,40,1015.3,0,6,3,4,3,4,10
257,39.4614520571,-0.4004871671,15,1413554400,2014,10,17,16,"Friday",113,0,24.1,12.9,337.5,25.9,59,1017.2,0,7,4.5,6,4.5,6,10
257,39.4614520571,-0.4004871671,15,1413558000,2014,10,17,17,"Friday",114,0,27.4,8,337.5,26.9,52,1016.9,0,6,-1.5,4.5,-1.5,4.5,9
257,39.4614520571,-0.4004871671,15,1413561600,2014,10,17,18,"Friday",115,0,20.9,8,337.5,25.7,55,1017.2,0,10,0.5,4.5,0.5,4.5,4
257,39.4614520571,-0.4004871671,15,1413565200,2014,10,17,19,"Friday",116,0,12.9,4.8,337.5,24.7,61,1017.7,0,10,-2.5,3.5,-2.5,3.5,1
257,39.4614520571,-0.4004871671,15,1413568800,2014,10,17,20,"Friday",117,0,14.5,8,45,22.7,83,1018.4,0,9,-1,3.5,-1,3.5,1
257,39.4614520571,-0.4004871671,15,1413572400,2014,10,17,21,"Friday",118,0,16.1,9.7,67.5,22.1,87,1019,0,4,2.5,7,2.5,7,4
257,39.4614520571,-0.4004871671,15,1413576000,2014,10,17,22,"Friday",119,0,16.1,9.7,67.5,21.8,83,1019.6,0,1,4,7.5,4,7.5,4
257,39.4614520571,-0.4004871671,15,1413579600,2014,10,17,23,"Friday",120,0,12.9,8,67.5,21.4,85,1019.8,0,1,4.5,8,4.5,8,7
257,39.4614520571,-0.4004871671,15,1413583200,2014,10,18,0,"Saturday",121,0,4.8,1.6,157.5,20.8,83,1020.1,0,4,-1,6,-1,6,8
257,39.4614520571,-0.4004871671,15,1413586800,2014,10,18,1,"Saturday",122,0,3.2,0,180,20.1,82,1019.9,0,4,-2,5.5,-2,5.5,12
257,39.4614520571,-0.4004871671,15,1413590400,2014,10,18,2,"Saturday",123,0,0,0,146.3,20.1,77,1019.8,0,7,-2,6,-2,6,12
257,39.4614520571,-0.4004871671,15,1413594000,2014,10,18,3,"Saturday",124,0,1.6,0,202.5,19.6,77,1020.1,0,8,0.5,6.5,0.5,6.5,9
257,39.4614520571,-0.4004871671,15,1413597600,2014,10,18,4,"Saturday",125,0,0,0,146.3,18.6,78,1019.8,0,12,1.5,7,1.5,7,10
257,39.4614520571,-0.4004871671,15,1413601200,2014,10,18,5,"Saturday",126,0,0,0,146.3,18.8,75,1019.7,0,12,1.5,7.5,1.5,7.5,9
257,39.4614520571,-0.4004871671,15,1413604800,2014,10,18,6,"Saturday",127,0,4.8,1.6,180,18.1,77,1019.9,0,9,1.5,8,1.5,8,9
257,39.4614520571,-0.4004871671,15,1413608400,2014,10,18,7,"Saturday",128,0,4.8,1.6,157.5,17.6,75,1020.1,0,10,1,8,1,8,9
257,39.4614520571,-0.4004871671,15,1413612000,2014,10,18,8,"Saturday",129,0,4.8,0,202.5,17.9,72,1020.2,0,9,0.5,8,0.5,8,9
257,39.4614520571,-0.4004871671,15,1413615600,2014,10,18,9,"Saturday",130,0,1.6,0,180,18.1,72,1020.8,0,9,0,8,0,8,8
257,39.4614520571,-0.4004871671,15,1413619200,2014,10,18,10,"Saturday",131,0,3.2,0,202.5,19.8,65,1021.6,0,9,0,8,0,8,9
257,39.4614520571,-0.4004871671,15,1413622800,2014,10,18,11,"Saturday",132,0,6.4,3.2,157.5,22,58,1021.7,0,9,-1,7,-1,7,8
257,39.4614520571,-0.4004871671,15,1413626400,2014,10,18,12,"Saturday",133,0,3.2,0,90,25.1,50,1021.7,0,8,-2,6,-2,6,7
257,39.4614520571,-0.4004871671,15,1413630000,2014,10,18,13,"Saturday",134,0,6.4,1.6,292.5,26.9,45,1021.6,0,9,-1,7,-1,7,7
257,39.4614520571,-0.4004871671,15,1413633600,2014,10,18,14,"Saturday",135,0,12.9,3.2,0,26.2,54,1020.9,0,8,1.5,8.5,1.5,8.5,6
257,39.4614520571,-0.4004871671,15,1413637200,2014,10,18,15,"Saturday",136,0,14.5,6.4,315,26.2,53,1020.5,0,7,2.5,8.5,2.5,8.5,5
257,39.4614520571,-0.4004871671,15,1413640800,2014,10,18,16,"Saturday",137,0,16.1,6.4,337.5,25.6,58,1020.2,0,7,1,8,1,8,5
257,39.4614520571,-0.4004871671,15,1413644400,2014,10,18,17,"Saturday",138,0,12.9,4.8,0,25.1,61,1020.3,0,6,0.5,9,0.5,9,5
257,39.4614520571,-0.4004871671,15,1413648000,2014,10,18,18,"Saturday",139,0,12.9,4.8,0,24.5,64,1020.4,0,5,-3.5,5,-3.5,5,3
257,39.4614520571,-0.4004871671,15,1413651600,2014,10,18,19,"Saturday",140,0,12.9,4.8,67.5,22.6,77,1020.9,0,5,-5.5,2.5,-5.5,2.5,3
257,39.4614520571,-0.4004871671,15,1413655200,2014,10,18,20,"Saturday",141,0,12.9,8,67.5,21.9,86,1021.5,0,5,-6.5,2.5,-6.5,2.5,7
257,39.4614520571,-0.4004871671,15,1413658800,2014,10,18,21,"Saturday",142,0,9.7,4.8,67.5,21.5,87,1022,0,3,-2,3,-2,3,6
257,39.4614520571,-0.4004871671,15,1413662400,2014,10,18,22,"Saturday",143,0,6.4,3.2,67.5,21.3,87,1022.5,0,3,1.5,4,1.5,4,6
257,39.4614520571,-0.4004871671,15,1413666000,2014,10,18,23,"Saturday",144,0,1.6,0,67.5,20.9,85,1022.7,0,7,4.5,7,4.5,7,8
257,39.4614520571,-0.4004871671,15,1413669600,2014,10,19,0,"Sunday",145,0,4.8,1.6,157.5,20.4,85,1023,0,6,5,8,5,8,9
257,39.4614520571,-0.4004871671,15,1413673200,2014,10,19,1,"Sunday",146,0,3.2,0,157.5,19.9,87,1022.9,0,6,2.5,6.5,2.5,6.5,8
257,39.4614520571,-0.4004871671,15,1413676800,2014,10,19,2,"Sunday",147,0,3.2,0,202.5,19.4,85,1022.6,0,8,-3,4,-3,4,7
257,39.4614520571,-0.4004871671,15,1413680400,2014,10,19,3,"Sunday",148,0,0,0,146.3,18.5,86,1022.6,0,9,-4,4,-4,4,7
257,39.4614520571,-0.4004871671,15,1413684000,2014,10,19,4,"Sunday",149,0,0,0,146.3,18.6,84,1022.7,0,8,-2.5,4,-2.5,4,7
257,39.4614520571,-0.4004871671,15,1413687600,2014,10,19,5,"Sunday",150,0,0,0,146.3,17.6,86,1022.6,0,7,0,4,0,4,7
257,39.4614520571,-0.4004871671,15,1413691200,2014,10,19,6,"Sunday",151,0,3.2,1.6,135,17.4,86,1022.8,0,7,0.5,4.5,0.5,4.5,8
257,39.4614520571,-0.4004871671,15,1413694800,2014,10,19,7,"Sunday",152,0,4.8,0,180,17.3,86,1023,0,7,0.5,4.5,0.5,4.5,8
257,39.4614520571,-0.4004871671,15,1413698400,2014,10,19,8,"Sunday",153,0,3.2,0,157.5,17.1,84,1023.2,0,7,0.5,4.5,0.5,4.5,7
257,39.4614520571,-0.4004871671,15,1413702000,2014,10,19,9,"Sunday",154,0,4.8,1.6,157.5,17.7,80,1023.5,0,8,-0.5,4,-0.5,4,7
257,39.4614520571,-0.4004871671,15,1413705600,2014,10,19,10,"Sunday",155,0,0,0,146.3,19.1,75,1024.1,0,8,0,4.5,0,4.5,7
257,39.4614520571,-0.4004871671,15,1413709200,2014,10,19,11,"Sunday",156,0,4.8,1.6,22.5,21.7,75,1024.5,0,7,0,4.5,0,4.5,7
257,39.4614520571,-0.4004871671,15,1413712800,2014,10,19,12,"Sunday",157,0,12.9,4.8,45,22.3,76,1024.6,0,7,0.5,4.5,0.5,4.5,6
257,39.4614520571,-0.4004871671,15,1413716400,2014,10,19,13,"Sunday",158,0,12.9,4.8,22.5,22.7,76,1024.7,0,7,0.5,5,0.5,5,5
257,39.4614520571,-0.4004871671,15,1413720000,2014,10,19,14,"Sunday",159,0,12.9,4.8,67.5,23,74,1024.3,0,7,2,6.5,2,6.5,9
257,39.4614520571,-0.4004871671,15,1413723600,2014,10,19,15,"Sunday",160,0,17.7,8,67.5,22.7,75,1023.8,0,6,1,5.5,1,5.5,8
257,39.4614520571,-0.4004871671,15,1413727200,2014,10,19,16,"Sunday",161,0,14.5,8,67.5,22.4,79,1023.6,0,5,1,6,1,6,6
257,39.4614520571,-0.4004871671,15,1413730800,2014,10,19,17,"Sunday",162,0,12.9,6.4,22.5,22.8,76,1023.5,0,9,0,6.5,0,6.5,4
257,39.4614520571,-0.4004871671,15,1413734400,2014,10,19,18,"Sunday",163,0,12.9,6.4,67.5,22.4,80,1023.6,0,8,-1,4.5,-1,4.5,2
257,39.4614520571,-0.4004871671,15,1413738000,2014,10,19,19,"Sunday",164,0,9.7,3.2,67.5,21.6,85,1023.8,0,6,-1.5,4.5,-1.5,4.5,1
257,39.4614520571,-0.4004871671,15,1413741600,2014,10,19,20,"Sunday",165,0,4.8,1.6,67.5,21.2,87,1024.2,0,4,0,6.5,0,6.5,2
257,39.4614520571,-0.4004871671,15,1413745200,2014,10,19,21,"Sunday",166,0,3.2,0,22.5,21.3,88,1024.9,0,2,2,6.5,2,6.5,0
257,39.4614520571,-0.4004871671,15,1413748800,2014,10,19,22,"Sunday",167,0,0,0,146.3,20.9,89,1025.3,0,1,1,5.5,1,5.5,1
257,39.4614520571,-0.4004871671,15,1413752400,2014,10,19,23,"Sunday",168,0,0,0,146.3,20.4,90,1025.4,0,2,-1,5.5,-1,5.5,1
257,39.4614520571,-0.4004871671,15,1413756000,2014,10,20,0,"Monday",1,0,1.6,0,225,20.1,88,1025.4,0,0,0,6.5,0,6.5,1
257,39.4614520571,-0.4004871671,15,1413759600,2014,10,20,1,"Monday",2,0,1.6,0,180,18.9,87,1025.2,0,1,1,6.5,1,6.5,1
257,39.4614520571,-0.4004871671,15,1413763200,2014,10,20,2,"Monday",3,0,3.2,0,180,18.8,84,1025.1,0,1,0.5,6,0.5,6,0
257,39.4614520571,-0.4004871671,15,1413766800,2014,10,20,3,"Monday",4,0,1.6,0,180,18.3,81,1024.9,0,1,-0.5,6,-0.5,6,0
257,39.4614520571,-0.4004871671,15,1413770400,2014,10,20,4,"Monday",5,0,6.4,1.6,180,17.7,81,1024.6,0,1,-0.5,6,-0.5,6,0
257,39.4614520571,-0.4004871671,15,1413774000,2014,10,20,5,"Monday",6,0,0,0,146.3,17.2,83,1024.1,0,0,0,6,0,6,0
257,39.4614520571,-0.4004871671,15,1413777600,2014,10,20,6,"Monday",7,0,0,0,146.3,16.8,81,1023.8,0,0,0,6,0,6,0
257,39.4614520571,-0.4004871671,15,1413781200,2014,10,20,7,"Monday",8,0,0,0,146.3,16.3,82,1023.7,0,0,-0.5,5.5,-0.5,5.5,14
257,39.4614520571,-0.4004871671,15,1413784800,2014,10,20,8,"Monday",9,0,4.8,0,157.5,16.3,78,1023.7,0,0,-5.5,0.5,-5.5,0.5,7
257,39.4614520571,-0.4004871671,15,1413788400,2014,10,20,9,"Monday",10,0,0,0,146.3,16.7,77,1024.1,0,0,-2.5,3.5,-2.5,3.5,2
257,39.4614520571,-0.4004871671,15,1413792000,2014,10,20,10,"Monday",11,0,8,1.6,157.5,17.9,70,1024.5,0,14,2,7.5,2,7.5,1
257,39.4614520571,-0.4004871671,15,1413795600,2014,10,20,11,"Monday",12,0,9.7,1.6,202.5,21.2,59,1024.7,0,7,6.5,7,6.5,7,2
257,39.4614520571,-0.4004871671,15,1413799200,2014,10,20,12,"Monday",13,0,0,0,146.3,24.3,51,1024.4,0,2,3.5,7,3.5,7,3
257,39.4614520571,-0.4004871671,15,1413802800,2014,10,20,13,"Monday",14,0,6.4,1.6,0,25.2,47,1024,0,1,0,7.5,0,7.5,4
257,39.4614520571,-0.4004871671,15,1413806400,2014,10,20,14,"Monday",15,0,6.4,1.6,315,26.4,49,1023.3,0,2,2.5,9.5,2.5,9.5,8
257,39.4614520571,-0.4004871671,15,1413810000,2014,10,20,15,"Monday",16,0,9.7,3.2,337.5,26.3,51,1022.1,0,3,3.5,10.5,3.5,10.5,10
257,39.4614520571,-0.4004871671,15,1413813600,2014,10,20,16,"Monday",17,0,11.3,4.8,337.5,25.2,59,1021.5,0,4,3.5,11,3.5,11,11
257,39.4614520571,-0.4004871671,15,1413817200,2014,10,20,17,"Monday",18,0,11.3,4.8,337.5,24.7,55,1020.9,0,8,2,11.5,2,11.5,6
257,39.4614520571,-0.4004871671,15,1413820800,2014,10,20,18,"Monday",19,0,8,3.2,337.5,23.9,62,1020.7,0,10,2,12.5,2,12.5,5
257,39.4614520571,-0.4004871671,15,1413824400,2014,10,20,19,"Monday",20,0,3.2,0,337.5,22.6,72,1020.7,0,11,1.5,12.5,1.5,12.5,2
257,39.4614520571,-0.4004871671,15,1413828000,2014,10,20,20,"Monday",21,0,4.8,1.6,337.5,21.7,78,1020.9,0,6,-0.5,11,-0.5,11,2
257,39.4614520571,-0.4004871671,15,1413831600,2014,10,20,21,"Monday",22,0,4.8,1.6,292.5,21.4,81,1021.2,0,5,0,12.5,0,12.5,4
257,39.4614520571,-0.4004871671,15,1413835200,2014,10,20,22,"Monday",23,0,0,0,146.3,20.8,83,1021.4,0,2,-0.5,12,-0.5,12,5
257,39.4614520571,-0.4004871671,15,1413838800,2014,10,20,23,"Monday",24,0,0,0,146.3,20.2,87,1021.6,0,2,0,11,0,11,6
257,39.4614520571,-0.4004871671,15,1413842400,2014,10,21,0,"Tuesday",25,0,0,0,146.3,19.6,88,1021.7,0,4,-1.5,11,-1.5,11,5
257,39.4614520571,-0.4004871671,15,1413846000,2014,10,21,1,"Tuesday",26,0,4.8,1.6,180,18.8,84,1021.6,0,5,-1.5,10.5,-1.5,10.5,5
257,39.4614520571,-0.4004871671,15,1413849600,2014,10,21,2,"Tuesday",27,0,3.2,0,202.5,18.5,81,1021.5,0,6,-0.5,10.5,-0.5,10.5,5
257,39.4614520571,-0.4004871671,15,1413853200,2014,10,21,3,"Tuesday",28,0,0,0,146.3,18.3,80,1021.4,0,5,-1,10,-1,10,5
257,39.4614520571,-0.4004871671,15,1413856800,2014,10,21,4,"Tuesday",29,0,4.8,0,270,17.6,81,1020.8,0,5,-0.5,10,-0.5,10,5
257,39.4614520571,-0.4004871671,15,1413860400,2014,10,21,5,"Tuesday",30,0,6.4,1.6,202.5,17.9,76,1020.6,0,5,-0.5,10,-0.5,10,5
257,39.4614520571,-0.4004871671,15,1413864000,2014,10,21,6,"Tuesday",31,0,11.3,3.2,202.5,18.9,66,1020.5,0,5,0,10,0,10,5
257,39.4614520571,-0.4004871671,15,1413867600,2014,10,21,7,"Tuesday",32,0,6.4,0,202.5,19.1,60,1020.7,0,5,0.5,10.5,0.5,10.5,5
257,39.4614520571,-0.4004871671,15,1413871200,2014,10,21,8,"Tuesday",33,0,4.8,0,225,19.3,56,1021.1,0,5,-5.5,4.5,-5.5,4.5,0
257,39.4614520571,-0.4004871671,15,1413874800,2014,10,21,9,"Tuesday",34,0,9.7,3.2,202.5,20.6,49,1021.7,0,5,-6.5,3.5,-6.5,3.5,6
257,39.4614520571,-0.4004871671,15,1413878400,2014,10,21,10,"Tuesday",35,0,8,3.2,180,22.4,43,1022.7,0,5,-7,3.5,-7,3.5,5
257,39.4614520571,-0.4004871671,15,1413882000,2014,10,21,11,"Tuesday",36,0,4.8,1.6,180,24.8,41,1023.1,0,0,-3,1.5,-3,1.5,4
257,39.4614520571,-0.4004871671,15,1413885600,2014,10,21,12,"Tuesday",37,0,8,3.2,247.5,28.6,37,1023,0,6,2,5.5,2,5.5,6
257,39.4614520571,-0.4004871671,15,1413889200,2014,10,21,13,"Tuesday",38,0,9.7,1.6,247.5,32.4,26,1022.5,0,5,5.5,9,5.5,9,5
257,39.4614520571,-0.4004871671,15,1413892800,2014,10,21,14,"Tuesday",39,0,12.9,4.8,225,33.2,24,1021.6,0,4,6,7.5,6,7.5,4
257,39.4614520571,-0.4004871671,15,1413896400,2014,10,21,15,"Tuesday",40,0,19.3,4.8,225,34.2,22,1020.7,0,6,1,6.5,1,6.5,2
257,39.4614520571,-0.4004871671,15,1413900000,2014,10,21,16,"Tuesday",41,0,35.4,16.1,135,34.6,18,1020.5,0,5,-3,6,-3,6,2
257,39.4614520571,-0.4004871671,15,1413903600,2014,10,21,17,"Tuesday",42,0,25.7,14.5,135,34.2,20,1020.5,0,4,-0.5,7,-0.5,7,3
257,39.4614520571,-0.4004871671,15,1413907200,2014,10,21,18,"Tuesday",43,0,30.6,16.1,135,34,20,1020.5,0,2,-2.5,4,-2.5,4,1
257,39.4614520571,-0.4004871671,15,1413910800,2014,10,21,19,"Tuesday",44,0,17.7,6.4,135,32.8,22,1020.8,0,2,-3.5,2.5,-3.5,2.5,2
257,39.4614520571,-0.4004871671,15,1413914400,2014,10,21,20,"Tuesday",45,0,17.7,6.4,112.5,32.1,22,1021.3,0,3,-5,2,-5,2,0
257,39.4614520571,-0.4004871671,15,1413918000,2014,10,21,21,"Tuesday",46,0,6.4,3.2,67.5,30.6,24,1021.4,0,1,-0.5,3.5,-0.5,3.5,1
257,39.4614520571,-0.4004871671,15,1413921600,2014,10,21,22,"Tuesday",47,0,4.8,1.6,180,27.9,30,1021.9,0,2,2,4.5,2,4.5,1
257,39.4614520571,-0.4004871671,15,1413925200,2014,10,21,23,"Tuesday",48,0,8,3.2,180,26.6,32,1022.2,0,0,3,5,3,5,4
257,39.4614520571,-0.4004871671,15,1413928800,2014,10,22,0,"Wednesday",49,0,6.4,0,180,25.5,34,1022.3,0,1,2,5,2,5,5
257,39.4614520571,-0.4004871671,15,1413932400,2014,10,22,1,"Wednesday",50,0,4.8,1.6,202.5,25,36,1022.2,0,1,1,4.66666666666667,1,4.66666666666667,4
257,39.4614520571,-0.4004871671,15,1413936000,2014,10,22,2,"Wednesday",51,0,9.7,1.6,157.5,24.5,39,1021.9,0,4,0.5,4.66666666666667,0.5,4.66666666666667,4
257,39.4614520571,-0.4004871671,15,1413939600,2014,10,22,3,"Wednesday",52,0,11.3,6.4,45,23.6,41,1022.1,0,5,0,5,0,5,4
257,39.4614520571,-0.4004871671,15,1413943200,2014,10,22,4,"Wednesday",53,0,6.4,1.6,180,23.2,42,1022.2,0,4,0.333333333333333,5,0.333333333333333,5,4
257,39.4614520571,-0.4004871671,15,1413946800,2014,10,22,5,"Wednesday",54,0,8,3.2,112.5,22.1,48,1021.8,0,4,0.333333333333333,5,0.333333333333333,5,4
257,39.4614520571,-0.4004871671,15,1413950400,2014,10,22,6,"Wednesday",55,0,11.3,4.8,157.5,22.7,49,1022.1,0,4,0,5,0,5,4
257,39.4614520571,-0.4004871671,15,1413954000,2014,10,22,7,"Wednesday",56,0,35.4,19.3,135,22.4,43,1022.2,0,4,-1,4,-1,4,10
257,39.4614520571,-0.4004871671,15,1413957600,2014,10,22,8,"Wednesday",57,0,43.5,27.4,135,22.3,40,1022.2,0,4,-5,0,-5,0,5
257,39.4614520571,-0.4004871671,15,1413961200,2014,10,22,9,"Wednesday",58,0,27.4,12.9,157.5,22,39,1023.2,0,4,-2,3,-2,3,4
257,39.4614520571,-0.4004871671,15,1413964800,2014,10,22,10,"Wednesday",59,0,19.3,9.7,157.5,23.1,35,1023.6,0,10,-1.66666666666667,2.33333333333333,-1.66666666666667,2.33333333333333,3
257,39.4614520571,-0.4004871671,15,1413968400,2014,10,22,11,"Wednesday",60,0,11.3,4.8,157.5,24.2,29,1024,0,5,2.33333333333333,2.33333333333333,2.33333333333333,2.33333333333333,0
257,39.4614520571,-0.4004871671,15,1413972000,2014,10,22,12,"Wednesday",61,0,9.7,3.2,180,25.8,24,1024,0,4,-1.33333333333333,1.66666666666667,-1.33333333333333,1.66666666666667,2
257,39.4614520571,-0.4004871671,15,1413975600,2014,10,22,13,"Wednesday",62,0,12.9,4.8,67.5,25.7,28,1023.8,0,3,2.33333333333333,4.66666666666667,2.33333333333333,4.66666666666667,2
257,39.4614520571,-0.4004871671,15,1413979200,2014,10,22,14,"Wednesday",63,0,22.5,11.3,0,24.1,47,1023.4,0,0,4.33333333333333,6.66666666666667,4.33333333333333,6.66666666666667,2
257,39.4614520571,-0.4004871671,15,1413982800,2014,10,22,15,"Wednesday",64,0,25.7,11.3,337.5,23,51,1023.1,0,2,4,5.66666666666667,4,5.66666666666667,0
257,39.4614520571,-0.4004871671,15,1413986400,2014,10,22,16,"Wednesday",65,0,19.3,9.7,22.5,23.3,45,1023,0,2,2.66666666666667,7.33333333333333,2.66666666666667,7.33333333333333,0
257,39.4614520571,-0.4004871671,15,1413990000,2014,10,22,17,"Wednesday",66,0,17.7,6.4,0,22.7,48,1023.2,0,2,2,8.66666666666667,2,8.66666666666667,0
257,39.4614520571,-0.4004871671,15,1413993600,2014,10,22,18,"Wednesday",67,0,14.5,4.8,0,22.1,54,1023.4,0,0,3.66666666666667,9.33333333333333,3.66666666666667,9.33333333333333,1
257,39.4614520571,-0.4004871671,15,1413997200,2014,10,22,19,"Wednesday",68,0,9.7,3.2,337.5,21.3,59,1024.1,0,0,2,9.33333333333333,2,9.33333333333333,1
257,39.4614520571,-0.4004871671,15,1414000800,2014,10,22,20,"Wednesday",69,0,8,3.2,337.5,20.8,65,1024.6,0,0,-0.666666666666667,8,-0.666666666666667,8,1
257,39.4614520571,-0.4004871671,15,1414004400,2014,10,22,21,"Wednesday",70,0,3.2,0,337.5,20.3,67,1025,0,1,-0.333333333333333,9,-0.333333333333333,9,3
257,39.4614520571,-0.4004871671,15,1414008000,2014,10,22,22,"Wednesday",71,0,1.6,0,225,19.9,68,1024.9,0,1,0.333333333333333,9.66666666666667,0.333333333333333,9.66666666666667,2
257,39.4614520571,-0.4004871671,15,1414011600,2014,10,22,23,"Wednesday",72,0,6.4,1.6,157.5,18.4,71,1025.1,0,1,0.666666666666667,8.66666666666667,0.666666666666667,8.66666666666667,1
257,39.4614520571,-0.4004871671,15,1414015200,2014,10,23,0,"Thursday",73,0,4.8,1.6,157.5,17.8,70,1025.2,0,3,0,9,0,9,3
257,39.4614520571,-0.4004871671,15,1414018800,2014,10,23,1,"Thursday",74,0,3.2,0,135,16.8,73,1024.7,0,2,-1.33333333333333,8.33333333333333,-1.33333333333333,8.33333333333333,2
257,39.4614520571,-0.4004871671,15,1414022400,2014,10,23,2,"Thursday",75,0,8,3.2,157.5,15.8,75,1024.5,0,1,0,8.66666666666667,0,8.66666666666667,2
257,39.4614520571,-0.4004871671,15,1414026000,2014,10,23,3,"Thursday",76,0,3.2,0,180,15.6,75,1024.3,0,3,-0.333333333333333,8.66666666666667,-0.333333333333333,8.66666666666667,2
257,39.4614520571,-0.4004871671,15,1414029600,2014,10,23,4,"Thursday",77,0,6.4,1.6,157.5,15.3,74,1024,0,2,-0.333333333333333,8,-0.333333333333333,8,2
257,39.4614520571,-0.4004871671,15,1414033200,2014,10,23,5,"Thursday",78,0,4.8,0,225,15.1,71,1023.7,0,2,-0.666666666666667,8,-0.666666666666667,8,2
257,39.4614520571,-0.4004871671,15,1414036800,2014,10,23,6,"Thursday",79,0,3.2,0,157.5,14.4,74,1023.7,0,2,-0.666666666666667,8,-0.666666666666667,8,2
257,39.4614520571,-0.4004871671,15,1414040400,2014,10,23,7,"Thursday",80,0,3.2,0,202.5,14.1,73,1023.6,0,2,0,8,0,8,0
257,39.4614520571,-0.4004871671,15,1414044000,2014,10,23,8,"Thursday",81,0,4.8,1.6,180,13.9,63,1023.6,0,2,-5,3,-5,3,0
257,39.4614520571,-0.4004871671,15,1414047600,2014,10,23,9,"Thursday",82,0,6.4,1.6,225,14.5,55,1023.6,0,2,-4,4,-4,4,8
257,39.4614520571,-0.4004871671,15,1414051200,2014,10,23,10,"Thursday",83,0,6.4,1.6,180,16.4,44,1023.7,0,0,-4,4,-4,4,6
257,39.4614520571,-0.4004871671,15,1414054800,2014,10,23,11,"Thursday",84,0,3.2,0,247.5,20.1,35,1023.3,0,0,0.333333333333333,3.33333333333333,0.333333333333333,3.33333333333333,0
257,39.4614520571,-0.4004871671,15,1414058400,2014,10,23,12,"Thursday",85,0,8,3.2,292.5,22.8,29,1022.7,0,8,-0.666666666666667,3.33333333333333,-0.666666666666667,3.33333333333333,0
257,39.4614520571,-0.4004871671,15,1414062000,2014,10,23,13,"Thursday",86,0,11.3,3.2,292.5,25.1,28,1021.5,0,6,-1.33333333333333,2.66666666666667,-1.33333333333333,2.66666666666667,2
257,39.4614520571,-0.4004871671,15,1414065600,2014,10,23,14,"Thursday",87,0,8,1.6,337.5,26.9,24,1020.3,0,0,-0.666666666666667,2.66666666666667,-0.666666666666667,2.66666666666667,2
257,39.4614520571,-0.4004871671,15,1414069200,2014,10,23,15,"Thursday",88,0,11.3,4.8,315,27.6,23,1019.1,0,0,-2.66666666666667,0.666666666666667,-2.66666666666667,0.666666666666667,0
257,39.4614520571,-0.4004871671,15,1414072800,2014,10,23,16,"Thursday",89,0,20.9,11.3,337.5,26.8,31,1018.1,0,2,0.666666666666667,3.33333333333333,0.666666666666667,3.33333333333333,0
257,39.4614520571,-0.4004871671,15,1414076400,2014,10,23,17,"Thursday",90,0,17.7,9.7,0,24.5,47,1017.7,0,2,0.666666666666667,3.33333333333333,0.666666666666667,3.33333333333333,0
257,39.4614520571,-0.4004871671,15,1414080000,2014,10,23,18,"Thursday",91,0,16.1,8,0,23.7,46,1017.4,0,0,3,3.66666666666667,3,3.66666666666667,1
257,39.4614520571,-0.4004871671,15,1414083600,2014,10,23,19,"Thursday",92,0,6.4,3.2,337.5,23.3,47,1017.5,0,0,0,3.33333333333333,0,3.33333333333333,2
257,39.4614520571,-0.4004871671,15,1414087200,2014,10,23,20,"Thursday",93,0,6.4,3.2,157.5,22.1,56,1018,0,0,1,4.33333333333333,1,4.33333333333333,1
257,39.4614520571,-0.4004871671,15,1414090800,2014,10,23,21,"Thursday",94,0,4.8,1.6,157.5,21.2,57,1018.3,0,1,0,3.66666666666667,0,3.66666666666667,2
257,39.4614520571,-0.4004871671,15,1414094400,2014,10,23,22,"Thursday",95,0,8,3.2,157.5,21,56,1018.4,0,2,0.333333333333333,3.66666666666667,0.333333333333333,3.66666666666667,5
257,39.4614520571,-0.4004871671,15,1414098000,2014,10,23,23,"Thursday",96,0,3.2,1.6,180,20.4,58,1018.4,0,1,0,4.33333333333333,0,4.33333333333333,4
257,39.4614520571,-0.4004871671,15,1414101600,2014,10,24,0,"Friday",97,0,3.2,1.6,180,20.1,57,1018,0,2,1.33333333333333,5,1.33333333333333,5,5
257,39.4614520571,-0.4004871671,15,1414105200,2014,10,24,1,"Friday",98,0,0,0,146.3,19.7,57,1017.7,0,5,1.33333333333333,5,1.33333333333333,5,5
257,39.4614520571,-0.4004871671,15,1414108800,2014,10,24,2,"Friday",99,0,3.2,0,225,19.6,52,1017.7,0,4,0,4.33333333333333,0,4.33333333333333,4
257,39.4614520571,-0.4004871671,15,1414112400,2014,10,24,3,"Friday",100,0,6.4,1.6,180,19.4,47,1017.6,0,5,-1,4,-1,4,4
257,39.4614520571,-0.4004871671,15,1414116000,2014,10,24,4,"Friday",101,0,3.2,1.6,180,19.3,44,1017.5,0,5,-1,4,-1,4,5
257,39.4614520571,-0.4004871671,15,1414119600,2014,10,24,5,"Friday",102,0,1.6,0,180,18.3,47,1017.3,0,4,0,4.33333333333333,0,4.33333333333333,5
257,39.4614520571,-0.4004871671,15,1414123200,2014,10,24,6,"Friday",103,0,4.8,1.6,202.5,18.1,46,1017.2,0,4,0.333333333333333,4.33333333333333,0.333333333333333,4.33333333333333,5
257,39.4614520571,-0.4004871671,15,1414126800,2014,10,24,7,"Friday",104,0,9.7,1.6,202.5,17.4,48,1017.4,0,5,0,4,0,4,5
257,39.4614520571,-0.4004871671,15,1414130400,2014,10,24,8,"Friday",105,0,8,3.2,180,17.5,46,1017.5,0,5,-3.66666666666667,0.666666666666667,-3.66666666666667,0.666666666666667,8
257,39.4614520571,-0.4004871671,15,1414134000,2014,10,24,9,"Friday",106,0,8,4.8,180,17.4,46,1018.4,0,5,-2,2.33333333333333,-2,2.33333333333333,6
257,39.4614520571,-0.4004871671,15,1414137600,2014,10,24,10,"Friday",107,0,4.8,1.6,225,19.7,41,1018.8,0,5,-2,2,-2,2,6
257,39.4614520571,-0.4004871671,15,1414141200,2014,10,24,11,"Friday",108,0,8,3.2,225,22.2,35,1019.1,0,8,1.33333333333333,2,1.33333333333333,2,8
257,39.4614520571,-0.4004871671,15,1414144800,2014,10,24,12,"Friday",109,0,9.7,4.8,225,24.9,31,1018.9,0,6,0.333333333333333,2.66666666666667,0.333333333333333,2.66666666666667,7
257,39.4614520571,-0.4004871671,15,1414148400,2014,10,24,13,"Friday",110,0,9.7,1.6,247.5,27.3,24,1018.6,0,6,1.33333333333333,3.33333333333333,1.33333333333333,3.33333333333333,8
257,39.4614520571,-0.4004871671,15,1414152000,2014,10,24,14,"Friday",111,0,16.1,6.4,315,27.2,28,1017.8,0,8,4,6,4,6,11
257,39.4614520571,-0.4004871671,15,1414155600,2014,10,24,15,"Friday",112,0,14.5,4.8,315,27.9,27,1017,0,7,3.33333333333333,6,3.33333333333333,6,11
257,39.4614520571,-0.4004871671,15,1414159200,2014,10,24,16,"Friday",113,0,17.7,9.7,337.5,25.9,34,1016.6,0,8,4,7.33333333333333,4,7.33333333333333,13
257,39.4614520571,-0.4004871671,15,1414162800,2014,10,24,17,"Friday",114,0,16.1,6.4,337.5,25.8,35,1016.5,0,11,0,6,0,6,11
257,39.4614520571,-0.4004871671,15,1414166400,2014,10,24,18,"Friday",115,0,16.1,8,315,25.1,37,1016.6,0,11,-1.66666666666667,4.33333333333333,-1.66666666666667,4.33333333333333,11
257,39.4614520571,-0.4004871671,15,1414170000,2014,10,24,19,"Friday",116,0,11.3,4.8,337.5,23.6,49,1016.9,0,13,-4.66666666666667,2.66666666666667,-4.66666666666667,2.66666666666667,10
257,39.4614520571,-0.4004871671,15,1414173600,2014,10,24,20,"Friday",117,0,3.2,0,337.5,22.4,61,1017.6,0,11,-3.33333333333333,2.66666666666667,-3.33333333333333,2.66666666666667,8
257,39.4614520571,-0.4004871671,15,1414177200,2014,10,24,21,"Friday",118,0,4.8,1.6,112.5,21.9,60,1018.1,0,11,1.66666666666667,6,1.66666666666667,6,8
257,39.4614520571,-0.4004871671,15,1414180800,2014,10,24,22,"Friday",119,0,8,3.2,157.5,20.5,65,1018.5,0,10,3.66666666666667,6.33333333333333,3.66666666666667,6.33333333333333,12
257,39.4614520571,-0.4004871671,15,1414184400,2014,10,24,23,"Friday",120,0,1.6,0,157.5,19.7,61,1018.9,0,8,5,7.66666666666667,5,7.66666666666667,13
257,39.4614520571,-0.4004871671,15,1414188000,2014,10,25,0,"Saturday",121,0,6.4,1.6,157.5,19.4,55,1019.1,0,8,0.666666666666667,6.66666666666667,0.666666666666667,6.66666666666667,10
257,39.4614520571,-0.4004871671,15,1414191600,2014,10,25,1,"Saturday",122,0,4.8,1.6,157.5,18.5,58,1019.1,0,12,1.33333333333333,7.66666666666667,1.33333333333333,7.66666666666667,10
257,39.4614520571,-0.4004871671,15,1414195200,2014,10,25,2,"Saturday",123,0,4.8,1.6,180,18.2,58,1018.9,0,13,0.333333333333333,8,0.333333333333333,8,11
257,39.4614520571,-0.4004871671,15,1414198800,2014,10,25,3,"Saturday",124,0,4.8,1.6,180,18,57,1018.9,0,10,0.666666666666667,7.33333333333333,0.666666666666667,7.33333333333333,10
257,39.4614520571,-0.4004871671,15,1414202400,2014,10,25,4,"Saturday",125,0,9.7,3.2,180,18.2,52,1018.7,0,10,0.333333333333333,8,0.333333333333333,8,11
257,39.4614520571,-0.4004871671,15,1414206000,2014,10,25,5,"Saturday",126,0,4.8,1.6,180,17.9,52,1018.6,0,11,0,8,0,8,11
257,39.4614520571,-0.4004871671,15,1414209600,2014,10,25,6,"Saturday",127,0,8,3.2,180,18.1,50,1018.7,0,10,1,8.33333333333333,1,8.33333333333333,12
257,39.4614520571,-0.4004871671,15,1414213200,2014,10,25,7,"Saturday",128,0,14.5,6.4,180,18.4,48,1019,0,11,0.333333333333333,8.33333333333333,0.333333333333333,8.33333333333333,12
257,39.4614520571,-0.4004871671,15,1414216800,2014,10,25,8,"Saturday",129,0,8,3.2,225,17.5,51,1019.4,0,11,0.333333333333333,8.33333333333333,0.333333333333333,8.33333333333333,12
257,39.4614520571,-0.4004871671,15,1414220400,2014,10,25,9,"Saturday",130,0,11.3,4.8,202.5,18.3,47,1019.9,0,12,-0.333333333333333,8,-0.333333333333333,8,13
257,39.4614520571,-0.4004871671,15,1414224000,2014,10,25,10,"Saturday",131,0,8,1.6,202.5,19.4,45,1020.7,0,12,0,8.33333333333333,0,8.33333333333333,15
257,39.4614520571,-0.4004871671,15,1414227600,2014,10,25,11,"Saturday",132,0,4.8,1.6,225,21.9,42,1021.1,0,12,-1,7.33333333333333,-1,7.33333333333333,14
257,39.4614520571,-0.4004871671,15,1414231200,2014,10,25,12,"Saturday",133,0,1.6,0,247.5,26,34,1021.2,0,13,-1.66666666666667,6.33333333333333,-1.66666666666667,6.33333333333333,12
257,39.4614520571,-0.4004871671,15,1414234800,2014,10,25,13,"Saturday",134,0,4.8,0,315,27.4,29,1021,0,15,-1.33333333333333,7,-1.33333333333333,7,12
257,39.4614520571,-0.4004871671,15,1414238400,2014,10,25,14,"Saturday",135,0,8,1.6,337.5,28.2,27,1020.3,0,14,0.333333333333333,7.66666666666667,0.333333333333333,7.66666666666667,11
257,39.4614520571,-0.4004871671,15,1414242000,2014,10,25,15,"Saturday",136,0,9.7,3.2,315,29.2,23,1019.5,0,12,1,7.33333333333333,1,7.33333333333333,9
257,39.4614520571,-0.4004871671,15,1414245600,2014,10,25,16,"Saturday",137,0,17.7,8,337.5,27.3,31,1019.3,0,12,0,7,0,7,8
257,39.4614520571,-0.4004871671,15,1414249200,2014,10,25,17,"Saturday",138,0,17.7,8,337.5,25.8,41,1019.2,0,11,0,7.66666666666667,0,7.66666666666667,2
257,39.4614520571,-0.4004871671,15,1414252800,2014,10,25,18,"Saturday",139,0,14.5,4.8,337.5,24.9,51,1019.2,0,9,-3,4.33333333333333,-3,4.33333333333333,3
257,39.4614520571,-0.4004871671,15,1414256400,2014,10,25,19,"Saturday",140,0,3.2,0,337.5,23.8,51,1019.7,0,8,-4.33333333333333,2.66666666666667,-4.33333333333333,2.66666666666667,3
257,39.4614520571,-0.4004871671,15,1414260000,2014,10,25,20,"Saturday",141,0,11.3,3.2,67.5,22.6,69,1020.3,0,2,-3.66666666666667,4,-3.66666666666667,4,5
257,39.4614520571,-0.4004871671,15,1414263600,2014,10,25,21,"Saturday",142,0,12.9,6.4,67.5,21.8,67,1020.7,0,3,-0.333333333333333,4,-0.333333333333333,4,6
257,39.4614520571,-0.4004871671,15,1414267200,2014,10,25,22,"Saturday",143,0,3.2,1.6,90,21,66,1021.3,0,3,2,4.66666666666667,2,4.66666666666667,5
257,39.4614520571,-0.4004871671,15,1414270800,2014,10,25,23,"Saturday",144,0,0,0,146.3,20.4,67,1021.8,0,5,3.33333333333333,7.33333333333333,3.33333333333333,7.33333333333333,7
257,39.4614520571,-0.4004871671,15,1414274400,2014,10,26,0,"Sunday",145,0,3.2,0,157.5,19.6,70,1022,0,6,4.33333333333333,8.33333333333333,4.33333333333333,8.33333333333333,8
257,39.4614520571,-0.4004871671,15,1414278000,2014,10,26,1,"Sunday",146,0,3.2,1.6,157.5,19.1,69,1022.1,0,5,2.33333333333333,7,2.33333333333333,7,6
257,39.4614520571,-0.4004871671,15,1414281600,2014,10,26,2,"Sunday",147,0,9.7,4.8,202.5,18.6,58,1021.9,0,7,-2.33333333333333,5,-2.33333333333333,5,5
257,39.4614520571,-0.4004871671,15,1414285200,2014,10,26,2,"Sunday",147,0,NA,NA,NA,NA,NA,NA,NA,8,-2.25,5,-2.25,5,NA
257,39.4614520571,-0.4004871671,15,1414288800,2014,10,26,3,"Sunday",148,0,8,1.6,202.5,19,53,1021.8,0,6,-3.33333333333333,5,-3.33333333333333,5,5
257,39.4614520571,-0.4004871671,15,1414292400,2014,10,26,4,"Sunday",149,0,8,1.6,180,18.3,53,1021.5,0,5,-2,5,-2,5,5
257,39.4614520571,-0.4004871671,15,1414296000,2014,10,26,5,"Sunday",150,0,8,3.2,180,18.8,49,1021.4,0,NA,0,5,0,5,5
257,39.4614520571,-0.4004871671,15,1414299600,2014,10,26,6,"Sunday",151,0,0,0,146.3,18.2,50,1021.5,0,5,0.666666666666667,5.66666666666667,0.666666666666667,5.66666666666667,6
257,39.4614520571,-0.4004871671,15,1414303200,2014,10,26,7,"Sunday",152,0,0,0,146.3,17.7,53,1021.8,0,5,0.666666666666667,5.66666666666667,0.666666666666667,5.66666666666667,6
257,39.4614520571,-0.4004871671,15,1414306800,2014,10,26,8,"Sunday",153,0,0,0,146.3,18,53,1022.3,0,5,0.333333333333333,5.33333333333333,0.333333333333333,5.33333333333333,6
257,39.4614520571,-0.4004871671,15,1414310400,2014,10,26,9,"Sunday",154,0,3.2,1.6,157.5,18.3,54,1023,0,6,-0.666666666666667,5,-0.666666666666667,5,5
257,39.4614520571,-0.4004871671,15,1414314000,2014,10,26,10,"Sunday",155,0,12.9,6.4,45,21.1,66,1023.5,0,6,-0.333333333333333,5.33333333333333,-0.333333333333333,5.33333333333333,4
257,39.4614520571,-0.4004871671,15,1414317600,2014,10,26,11,"Sunday",156,0,14.5,6.4,67.5,21.6,78,1023.6,0,6,0,5.33333333333333,0,5.33333333333333,5
257,39.4614520571,-0.4004871671,15,1414321200,2014,10,26,12,"Sunday",157,0,17.7,9.7,22.5,21.9,75,1023.5,0,5,0,5,0,5,6
257,39.4614520571,-0.4004871671,15,1414324800,2014,10,26,13,"Sunday",158,0,14.5,6.4,67.5,23.1,71,1022.7,0,4,-0.333333333333333,5,-0.333333333333333,5,6
257,39.4614520571,-0.4004871671,15,1414328400,2014,10,26,14,"Sunday",159,0,20.9,9.7,67.5,22.8,72,1022,0,5,2,7.33333333333333,2,7.33333333333333,8
257,39.4614520571,-0.4004871671,15,1414332000,2014,10,26,15,"Sunday",160,0,16.1,8,22.5,23.1,64,1021.5,0,6,1.33333333333333,6.33333333333333,1.33333333333333,6.33333333333333,5
257,39.4614520571,-0.4004871671,15,1414335600,2014,10,26,16,"Sunday",161,0,19.3,8,22.5,22.7,69,1021.4,0,6,1,6,1,6,4
257,39.4614520571,-0.4004871671,15,1414339200,2014,10,26,17,"Sunday",162,0,17.7,8,22.5,21.8,78,1021.6,0,8,-1.66666666666667,5.66666666666667,-1.66666666666667,5.66666666666667,4
257,39.4614520571,-0.4004871671,15,1414342800,2014,10,26,18,"Sunday",163,0,9.7,3.2,67.5,21.1,84,1022.1,0,5,-2.66666666666667,3.66666666666667,-2.66666666666667,3.66666666666667,2
257,39.4614520571,-0.4004871671,15,1414346400,2014,10,26,19,"Sunday",164,0,4.8,1.6,45,20.7,86,1022.6,0,4,-2.66666666666667,3.33333333333333,-2.66666666666667,3.33333333333333,3
257,39.4614520571,-0.4004871671,15,1414350000,2014,10,26,20,"Sunday",165,0,12.9,6.4,67.5,20.7,87,1022.9,0,4,-0.666666666666667,5,-0.666666666666667,5,5
257,39.4614520571,-0.4004871671,15,1414353600,2014,10,26,21,"Sunday",166,0,12.9,6.4,67.5,20.7,86,1023.1,0,2,0.666666666666667,4.33333333333333,0.666666666666667,4.33333333333333,7
257,39.4614520571,-0.4004871671,15,1414357200,2014,10,26,22,"Sunday",167,0,11.3,3.2,90,20.4,85,1023.4,0,3,0.666666666666667,4,0.666666666666667,4,8
257,39.4614520571,-0.4004871671,15,1414360800,2014,10,26,23,"Sunday",168,0,8,3.2,157.5,19.2,87,1023.5,0,5,-1,4,-1,4,7
257,39.4614520571,-0.4004871671,15,1414364400,2014,10,27,0,"Monday",1,0,6.4,3.2,157.5,18.7,85,1023.3,0,7,0.333333333333333,4.66666666666667,0.333333333333333,4.66666666666667,7
257,39.4614520571,-0.4004871671,15,1414368000,2014,10,27,1,"Monday",2,0,8,4.8,157.5,18.3,84,1023.3,0,8,0.666666666666667,4.66666666666667,0.666666666666667,4.66666666666667,7
257,39.4614520571,-0.4004871671,15,1414371600,2014,10,27,2,"Monday",3,0,8,3.2,157.5,18.2,81,1023.3,0,7,0,4,0,4,7
257,39.4614520571,-0.4004871671,15,1414375200,2014,10,27,3,"Monday",4,0,6.4,3.2,157.5,17.8,80,1023.2,0,7,-0.666666666666667,4,-0.666666666666667,4,7
257,39.4614520571,-0.4004871671,15,1414378800,2014,10,27,4,"Monday",5,0,11.3,6.4,157.5,17.2,78,1022.9,0,7,-0.666666666666667,4,-0.666666666666667,4,7
257,39.4614520571,-0.4004871671,15,1414382400,2014,10,27,5,"Monday",6,0,8,4.8,157.5,16.9,77,1022.8,0,7,0,4,0,4,7
257,39.4614520571,-0.4004871671,15,1414386000,2014,10,27,6,"Monday",7,0,9.7,6.4,157.5,17.1,77,1022.9,0,7,0,4,0,4,6
257,39.4614520571,-0.4004871671,15,1414389600,2014,10,27,7,"Monday",8,0,9.7,4.8,157.5,17,76,1022.7,0,7,4.33333333333333,8.33333333333333,4.33333333333333,8.33333333333333,6
257,39.4614520571,-0.4004871671,15,1414393200,2014,10,27,8,"Monday",9,0,9.7,4.8,157.5,17.3,75,1023,0,7,-1.33333333333333,2.66666666666667,-1.33333333333333,2.66666666666667,0
257,39.4614520571,-0.4004871671,15,1414396800,2014,10,27,9,"Monday",10,0,8,3.2,157.5,18.1,72,1023.5,0,6,-1,3,-1,3,8
257,39.4614520571,-0.4004871671,15,1414400400,2014,10,27,10,"Monday",11,0,8,3.2,135,19.4,70,1023.4,0,6,-3,5.33333333333333,-3,5.33333333333333,7
257,39.4614520571,-0.4004871671,15,1414404000,2014,10,27,11,"Monday",12,0,1.6,0,135,21.8,71,1023.2,0,0,2.66666666666667,5.33333333333333,2.66666666666667,5.33333333333333,7
257,39.4614520571,-0.4004871671,15,1414407600,2014,10,27,12,"Monday",13,0,4.8,0,180,22.8,69,1022.6,0,8,2.66666666666667,5.66666666666667,2.66666666666667,5.66666666666667,9
257,39.4614520571,-0.4004871671,15,1414411200,2014,10,27,13,"Monday",14,0,8,3.2,67.5,22.8,67,1021.7,0,7,1,6.33333333333333,1,6.33333333333333,10
257,39.4614520571,-0.4004871671,15,1414414800,2014,10,27,14,"Monday",15,0,14.5,6.4,22.5,23.4,65,1021,0,7,3.66666666666667,9,3.66666666666667,9,6
257,39.4614520571,-0.4004871671,15,1414418400,2014,10,27,15,"Monday",16,0,19.3,8,0,22.6,71,1020.7,0,9,4.66666666666667,10.3333333333333,4.66666666666667,10.3333333333333,6
257,39.4614520571,-0.4004871671,15,1414422000,2014,10,27,16,"Monday",17,0,22.5,9.7,22.5,21.9,75,1020.6,0,10,4.66666666666667,11,4.66666666666667,11,5
257,39.4614520571,-0.4004871671,15,1414425600,2014,10,27,17,"Monday",18,0,17.7,8,45,21.6,77,1020.6,0,6,0.666666666666667,9.66666666666667,0.666666666666667,9.66666666666667,3
257,39.4614520571,-0.4004871671,15,1414429200,2014,10,27,18,"Monday",19,0,16.1,8,22.5,20.9,82,1020.5,0,6,-0.333333333333333,10,-0.333333333333333,10,2
257,39.4614520571,-0.4004871671,15,1414432800,2014,10,27,19,"Monday",20,0,17.7,11.3,67.5,20.5,84,1020.7,0,5,-2,9,-2,9,1
257,39.4614520571,-0.4004871671,15,1414436400,2014,10,27,20,"Monday",21,0,9.7,3.2,67.5,20.3,83,1020.9,0,3,-1.66666666666667,8,-1.66666666666667,8,4
257,39.4614520571,-0.4004871671,15,1414440000,2014,10,27,21,"Monday",22,0,9.7,4.8,67.5,20.1,85,1020.8,0,2,-0.333333333333333,9.66666666666667,-0.333333333333333,9.66666666666667,4
257,39.4614520571,-0.4004871671,15,1414443600,2014,10,27,22,"Monday",23,0,0,0,146.3,19.4,87,1020.8,0,1,0.666666666666667,9.66666666666667,0.666666666666667,9.66666666666667,5
257,39.4614520571,-0.4004871671,15,1414447200,2014,10,27,23,"Monday",24,0,6.4,1.6,135,19.2,87,1019.7,0,4,1.33333333333333,9.33333333333333,1.33333333333333,9.33333333333333,5
257,39.4614520571,-0.4004871671,15,1414450800,2014,10,28,0,"Tuesday",25,0,3.2,1.6,157.5,19.3,87,1019.4,0,4,-0.666666666666667,9,-0.666666666666667,9,5
257,39.4614520571,-0.4004871671,15,1414454400,2014,10,28,1,"Tuesday",26,0,3.2,0,157.5,19.2,85,1019.1,0,5,-1,8.66666666666667,-1,8.66666666666667,3
257,39.4614520571,-0.4004871671,15,1414458000,2014,10,28,2,"Tuesday",27,0,1.6,0,202.5,18.9,86,1018.8,0,5,-0.666666666666667,8.66666666666667,-0.666666666666667,8.66666666666667,4
257,39.4614520571,-0.4004871671,15,1414461600,2014,10,28,3,"Tuesday",28,0,0,0,146.3,18.6,87,1018.5,0,5,-0.666666666666667,8.33333333333333,-0.666666666666667,8.33333333333333,4
257,39.4614520571,-0.4004871671,15,1414465200,2014,10,28,4,"Tuesday",29,0,4.8,1.6,135,18.1,88,1018.2,0,3,-0.333333333333333,8.33333333333333,-0.333333333333333,8.33333333333333,4
257,39.4614520571,-0.4004871671,15,1414468800,2014,10,28,5,"Tuesday",30,0,6.4,3.2,157.5,17.4,88,1017.9,0,4,-0.333333333333333,8.33333333333333,-0.333333333333333,8.33333333333333,4
257,39.4614520571,-0.4004871671,15,1414472400,2014,10,28,6,"Tuesday",31,0,1.6,0,135,17.3,87,1017.9,0,4,0,8.33333333333333,0,8.33333333333333,4
257,39.4614520571,-0.4004871671,15,1414476000,2014,10,28,7,"Tuesday",32,0,1.6,0,180,17.2,87,1017.9,0,4,0.333333333333333,8.66666666666667,0.333333333333333,8.66666666666667,4
257,39.4614520571,-0.4004871671,15,1414479600,2014,10,28,8,"Tuesday",33,0,1.6,0,180,16.9,87,1018,0,4,-5.33333333333333,3,-5.33333333333333,3,0
257,39.4614520571,-0.4004871671,15,1414483200,2014,10,28,9,"Tuesday",34,0,1.6,0,135,17.4,85,1018.4,0,4,-4,4.33333333333333,-4,4.33333333333333,5
257,39.4614520571,-0.4004871671,15,1414486800,2014,10,28,10,"Tuesday",35,0,3.2,1.6,157.5,19.4,78,1018.3,0,4,-4.66666666666667,4,-4.66666666666667,4,2
257,39.4614520571,-0.4004871671,15,1414490400,2014,10,28,11,"Tuesday",36,0,6.4,1.6,157.5,21.8,68,1018.1,0,0,-0.666666666666667,2.33333333333333,-0.666666666666667,2.33333333333333,1
257,39.4614520571,-0.4004871671,15,1414494000,2014,10,28,12,"Tuesday",37,0,6.4,1.6,67.5,22.9,61,1017.5,0,5,1.33333333333333,5.66666666666667,1.33333333333333,5.66666666666667,3
257,39.4614520571,-0.4004871671,15,1414497600,2014,10,28,13,"Tuesday",38,0,12.9,4.8,45,22.9,64,1016.8,0,2,3.66666666666667,7.66666666666667,3.66666666666667,7.66666666666667,4
257,39.4614520571,-0.4004871671,15,1414501200,2014,10,28,14,"Tuesday",39,0,14.5,6.4,0,22.8,66,1016.3,0,1,4,6.33333333333333,4,6.33333333333333,4
257,39.4614520571,-0.4004871671,15,1414504800,2014,10,28,15,"Tuesday",40,0,16.1,8,0,22.6,68,1015.7,0,3,-0.666666666666667,5,-0.666666666666667,5,0
257,39.4614520571,-0.4004871671,15,1414508400,2014,10,28,16,"Tuesday",41,0,16.1,8,337.5,22.3,67,1015.6,0,4,-3,4.66666666666667,-3,4.66666666666667,0
257,39.4614520571,-0.4004871671,15,1414512000,2014,10,28,17,"Tuesday",42,0,14.5,6.4,337.5,21.9,71,1015.6,0,4,-0.666666666666667,5.66666666666667,-0.666666666666667,5.66666666666667,0
257,39.4614520571,-0.4004871671,15,1414515600,2014,10,28,18,"Tuesday",43,0,11.3,4.8,0,21.2,72,1015.9,0,0,-2,3,-2,3,3
257,39.4614520571,-0.4004871671,15,1414519200,2014,10,28,19,"Tuesday",44,0,11.3,4.8,337.5,20.9,75,1016.6,0,0,-2.33333333333333,2.33333333333333,-2.33333333333333,2.33333333333333,4
257,39.4614520571,-0.4004871671,15,1414522800,2014,10,28,20,"Tuesday",45,0,4.8,0,0,20.4,81,1016.7,0,0,-4.33333333333333,1.33333333333333,-4.33333333333333,1.33333333333333,6
257,39.4614520571,-0.4004871671,15,1414526400,2014,10,28,21,"Tuesday",46,0,4.8,1.6,67.5,19.9,83,1017,0,3,-0.333333333333333,2.66666666666667,-0.333333333333333,2.66666666666667,4
257,39.4614520571,-0.4004871671,15,1414530000,2014,10,28,22,"Tuesday",47,0,4.8,0,90,19.6,83,1017.3,0,4,1,3.33333333333333,1,3.33333333333333,1
257,39.4614520571,-0.4004871671,15,1414533600,2014,10,28,23,"Tuesday",48,0,4.8,0,67.5,19.3,85,1017.4,0,6,3.33333333333333,4.66666666666667,3.33333333333333,4.66666666666667,2
257,39.4614520571,-0.4004871671,15,1414537200,2014,10,29,0,"Wednesday",49,0,0,0,146.3,18.7,86,1017.3,0,4,2.66666666666667,5,2.66666666666667,5,3
257,39.4614520571,-0.4004871671,15,1414540800,2014,10,29,1,"Wednesday",50,0,3.2,1.6,135,18.3,84,1017.4,0,1,1.66666666666667,4.5,1.66666666666667,4.5,3
257,39.4614520571,-0.4004871671,15,1414544400,2014,10,29,2,"Wednesday",51,0,3.2,0,157.5,18.4,84,1017.3,0,2,0.333333333333333,4.5,0.333333333333333,4.5,3
257,39.4614520571,-0.4004871671,15,1414548000,2014,10,29,3,"Wednesday",52,0,6.4,1.6,157.5,18.3,85,1017,0,3,-0.25,4.75,-0.25,4.75,2
257,39.4614520571,-0.4004871671,15,1414551600,2014,10,29,4,"Wednesday",53,0,3.2,0,157.5,18,86,1016.7,0,3,0.25,4.75,0.25,4.75,2
257,39.4614520571,-0.4004871671,15,1414555200,2014,10,29,5,"Wednesday",54,0,4.8,0,157.5,17.9,86,1016.6,0,3,0.25,4.75,0.25,4.75,2
257,39.4614520571,-0.4004871671,15,1414558800,2014,10,29,6,"Wednesday",55,0,1.6,0,180,17.6,87,1016.6,0,2,0,4.75,0,4.75,2
257,39.4614520571,-0.4004871671,15,1414562400,2014,10,29,7,"Wednesday",56,0,4.8,0,135,17.1,87,1016.8,0,2,0.75,5.5,0.75,5.5,9
257,39.4614520571,-0.4004871671,15,1414566000,2014,10,29,8,"Wednesday",57,0,6.4,1.6,157.5,17.1,86,1017.2,0,2,-3.5,1.25,-3.5,1.25,0
257,39.4614520571,-0.4004871671,15,1414569600,2014,10,29,9,"Wednesday",58,0,1.6,0,180,18.3,82,1018,0,2,-1.5,3.25,-1.5,3.25,0
257,39.4614520571,-0.4004871671,15,1414573200,2014,10,29,10,"Wednesday",59,0,1.6,0,315,21.2,74,1018.2,0,9,-3,2.5,-3,2.5,1
257,39.4614520571,-0.4004871671,15,1414576800,2014,10,29,11,"Wednesday",60,0,6.4,1.6,315,22.3,70,1018.4,0,0,0.5,1.75,0.5,1.75,1
257,39.4614520571,-0.4004871671,15,1414580400,2014,10,29,12,"Wednesday",61,0,8,1.6,315,23.6,65,1018,0,0,-1.5,1.75,-1.5,1.75,0
257,39.4614520571,-0.4004871671,15,1414584000,2014,10,29,13,"Wednesday",62,0,9.7,4.8,0,23.3,68,1017.3,0,1,1.5,4,1.5,4,3
257,39.4614520571,-0.4004871671,15,1414587600,2014,10,29,14,"Wednesday",63,0,16.1,6.4,0,23.1,70,1017,0,1,3.75,5.5,3.75,5.5,3
257,39.4614520571,-0.4004871671,15,1414591200,2014,10,29,15,"Wednesday",64,0,20.9,9.7,0,22.7,68,1016.9,0,0,2.5,4.25,2.5,4.25,1
257,39.4614520571,-0.4004871671,15,1414594800,2014,10,29,16,"Wednesday",65,0,14.5,8,0,22.4,71,1016.9,0,3,1.5,5.5,1.5,5.5,0
257,39.4614520571,-0.4004871671,15,1414598400,2014,10,29,17,"Wednesday",66,0,12.9,4.8,22.5,21.8,76,1017.1,0,3,1,6.5,1,6.5,4
257,39.4614520571,-0.4004871671,15,1414602000,2014,10,29,18,"Wednesday",67,0,12.9,6.4,67.5,20.7,81,1017.6,0,1,3,7.25,3,7.25,2
257,39.4614520571,-0.4004871671,15,1414605600,2014,10,29,19,"Wednesday",68,0,11.3,4.8,67.5,20.4,83,1018.5,0,0,1.75,7.25,1.75,7.25,1
257,39.4614520571,-0.4004871671,15,1414609200,2014,10,29,20,"Wednesday",69,0,12.9,4.8,67.5,20.2,84,1019,0,4,-0.25,6.25,-0.25,6.25,1
257,39.4614520571,-0.4004871671,15,1414612800,2014,10,29,21,"Wednesday",70,0,6.4,1.6,67.5,19.6,86,1019.5,0,2,0.25,7.5,0.25,7.5,2
257,39.4614520571,-0.4004871671,15,1414616400,2014,10,29,22,"Wednesday",71,0,4.8,1.6,67.5,19.3,86,1020,0,1,0.5,7.75,0.5,7.75,2
257,39.4614520571,-0.4004871671,15,1414620000,2014,10,29,23,"Wednesday",72,0,1.6,0,180,18.8,87,1020.3,0,1,0.5,6.75,0.5,6.75,0
257,39.4614520571,-0.4004871671,15,1414623600,2014,10,30,0,"Thursday",73,0,0,0,146.3,18.2,87,1020.6,0,2,0,7.5,0,7.5,0
257,39.4614520571,-0.4004871671,15,1414627200,2014,10,30,1,"Thursday",74,0,1.6,0,157.5,17.7,88,1020.7,0,2,-1,6.75,-1,6.75,1
257,39.4614520571,-0.4004871671,15,1414630800,2014,10,30,2,"Thursday",75,0,8,3.2,157.5,17.2,90,1020.7,0,0,0.25,7,0.25,7,1
257,39.4614520571,-0.4004871671,15,1414634400,2014,10,30,3,"Thursday",76,0,4.8,1.6,135,16.9,90,1020.8,0,0,-0.5,7,-0.5,7,1
257,39.4614520571,-0.4004871671,15,1414638000,2014,10,30,4,"Thursday",77,0,8,3.2,157.5,16.8,91,1020.6,0,1,-0.25,6.5,-0.25,6.5,1
257,39.4614520571,-0.4004871671,15,1414641600,2014,10,30,5,"Thursday",78,0,3.2,0,157.5,16.3,91,1020.8,0,1,-0.5,6.5,-0.5,6.5,1
257,39.4614520571,-0.4004871671,15,1414645200,2014,10,30,6,"Thursday",79,0,3.2,0,157.5,16.3,91,1021,0,1,-0.5,6.5,-0.5,6.5,7
257,39.4614520571,-0.4004871671,15,1414648800,2014,10,30,7,"Thursday",80,0,6.4,1.6,157.5,16.4,91,1021.2,0,1,-0.5,6,-0.5,6,6
257,39.4614520571,-0.4004871671,15,1414652400,2014,10,30,8,"Thursday",81,0,9.7,3.2,157.5,16.9,89,1021.9,0,1,-4.25,2.25,-4.25,2.25,0
257,39.4614520571,-0.4004871671,15,1414656000,2014,10,30,9,"Thursday",82,0,6.4,1.6,135,17.7,87,1022.6,0,7,-1.5,5,-1.5,5,0
257,39.4614520571,-0.4004871671,15,1414659600,2014,10,30,10,"Thursday",83,0,6.4,1.6,135,18.9,83,1022.9,0,6,-1.5,4.5,-1.5,4.5,0
257,39.4614520571,-0.4004871671,15,1414663200,2014,10,30,11,"Thursday",84,0,4.8,1.6,157.5,20.1,76,1023.2,0,0,0.25,2.5,0.25,2.5,0
257,39.4614520571,-0.4004871671,15,1414666800,2014,10,30,12,"Thursday",85,0,3.2,0,22.5,22,68,1023,0,0,-2.5,2.5,-2.5,2.5,1
257,39.4614520571,-0.4004871671,15,1414670400,2014,10,30,13,"Thursday",86,0,4.8,1.6,157.5,22,67,1022.6,0,0,-2,2.5,-2,2.5,1
257,39.4614520571,-0.4004871671,15,1414674000,2014,10,30,14,"Thursday",87,0,9.7,3.2,337.5,23.2,66,1021.9,0,0,0,2.5,0,2.5,0
257,39.4614520571,-0.4004871671,15,1414677600,2014,10,30,15,"Thursday",88,0,9.7,4.8,337.5,22.7,67,1021.4,0,1,-2,0.5,-2,0.5,0
257,39.4614520571,-0.4004871671,15,1414681200,2014,10,30,16,"Thursday",89,0,11.3,4.8,337.5,22.4,68,1021.7,0,1,0,2.5,0,2.5,0
257,39.4614520571,-0.4004871671,15,1414684800,2014,10,30,17,"Thursday",90,0,9.7,3.2,0,21.9,71,1021.9,0,0,0,2.5,0,2.5,1
257,39.4614520571,-0.4004871671,15,1414688400,2014,10,30,18,"Thursday",91,0,9.7,3.2,22.5,20.8,78,1022.4,0,0,2.5,3,2.5,3,1
257,39.4614520571,-0.4004871671,15,1414692000,2014,10,30,19,"Thursday",92,0,9.7,3.2,0,20.3,80,1022.8,0,0,0.5,3,0.5,3,1
257,39.4614520571,-0.4004871671,15,1414695600,2014,10,30,20,"Thursday",93,0,4.8,0,22.5,20.1,83,1023.2,0,1,1,3.5,1,3.5,4
257,39.4614520571,-0.4004871671,15,1414699200,2014,10,30,21,"Thursday",94,0,8,4.8,67.5,19.9,84,1023.5,0,1,0.25,3.25,0.25,3.25,7
257,39.4614520571,-0.4004871671,15,1414702800,2014,10,30,22,"Thursday",95,0,3.2,1.6,157.5,19.1,86,1023.9,0,1,1,4,1,4,8
257,39.4614520571,-0.4004871671,15,1414706400,2014,10,30,23,"Thursday",96,0,4.8,1.6,157.5,18.7,86,1024.1,0,4,0.75,4.25,0.75,4.25,9
257,39.4614520571,-0.4004871671,15,1414710000,2014,10,31,0,"Friday",97,0,4.8,1.6,157.5,18.3,86,1024.1,0,7,1.75,5,1.75,5,8
257,39.4614520571,-0.4004871671,15,1414713600,2014,10,31,1,"Friday",98,0,4.8,1.6,157.5,17.8,87,1024.1,0,8,1,5,1,5,7
257,39.4614520571,-0.4004871671,15,1414717200,2014,10,31,2,"Friday",99,0,1.6,0,180,17.5,89,1023.7,0,9,0,4.25,0,4.25,7
257,39.4614520571,-0.4004871671,15,1414720800,2014,10,31,3,"Friday",100,0,0,0,146.3,17.7,87,1023.8,0,8,-1,4,-1,4,7
257,39.4614520571,-0.4004871671,15,1414724400,2014,10,31,4,"Friday",101,0,1.6,0,180,17.7,87,1023.3,0,7,-0.75,4.25,-0.75,4.25,7
257,39.4614520571,-0.4004871671,15,1414728000,2014,10,31,5,"Friday",102,0,1.6,0,225,17.9,86,1023.3,0,7,0.25,4.5,0.25,4.5,8
257,39.4614520571,-0.4004871671,15,1414731600,2014,10,31,6,"Friday",103,0,1.6,0,180,18.1,85,1023.3,0,7,0.5,4.5,0.5,4.5,8
257,39.4614520571,-0.4004871671,15,1414735200,2014,10,31,7,"Friday",104,0,1.6,0,135,18.3,84,1023.4,0,7,0,4.25,0,4.25,8
257,39.4614520571,-0.4004871671,15,1414738800,2014,10,31,8,"Friday",105,0,1.6,0,157.5,18.1,82,1023.9,0,8,-2,2.5,-2,2.5,3
257,39.4614520571,-0.4004871671,15,1414742400,2014,10,31,9,"Friday",106,0,9.7,3.2,135,18.9,75,1024.6,0,8,-1.25,3.25,-1.25,3.25,1
257,39.4614520571,-0.4004871671,15,1414746000,2014,10,31,10,"Friday",107,0,8,3.2,135,20.3,70,1024.9,0,8,-1.25,3,-1.25,3,1
257,39.4614520571,-0.4004871671,15,1414749600,2014,10,31,11,"Friday",108,0,11.3,3.2,45,21.3,71,1025.1,0,3,1,3.5,1,3.5,0
257,39.4614520571,-0.4004871671,15,1414753200,2014,10,31,12,"Friday",109,0,9.7,3.2,67.5,21.8,72,1024.7,0,1,0.5,3.75,0.5,3.75,0
257,39.4614520571,-0.4004871671,15,1414756800,2014,10,31,13,"Friday",110,0,8,1.6,45,22.2,71,1023.9,0,1,1.5,4.5,1.5,4.5,0
257,39.4614520571,-0.4004871671,15,1414760400,2014,10,31,14,"Friday",111,0,9.7,3.2,337.5,21.8,71,1023.4,0,0,3.75,7.25,3.75,7.25,2
257,39.4614520571,-0.4004871671,15,1414764000,2014,10,31,15,"Friday",112,0,12.9,4.8,337.5,22.4,69,1022.9,0,0,3.5,7.25,3.5,7.25,2
257,39.4614520571,-0.4004871671,15,1414767600,2014,10,31,16,"Friday",113,0,16.1,6.4,0,22.2,71,1022.6,0,0,4.25,8.75,4.25,8.75,3
257,39.4614520571,-0.4004871671,15,1414771200,2014,10,31,17,"Friday",114,0,12.9,4.8,22.5,21.6,74,1022.8,0,2,0,7.25,0,7.25,0
257,39.4614520571,-0.4004871671,15,1414774800,2014,10,31,18,"Friday",115,0,11.3,4.8,337.5,20.5,78,1023,0,2,-1.25,6,-1.25,6,0
257,39.4614520571,-0.4004871671,15,1414778400,2014,10,31,19,"Friday",116,0,9.7,4.8,22.5,20.2,80,1023.5,0,3,-4.25,4.5,-4.25,4.5,0
257,39.4614520571,-0.4004871671,15,1414782000,2014,10,31,20,"Friday",117,0,6.4,1.6,337.5,20.2,82,1023.9,0,0,-3.25,4,-3.25,4,0
257,39.4614520571,-0.4004871671,15,1414785600,2014,10,31,21,"Friday",118,0,3.2,0,315,20,83,1024,0,0,0.5,6.5,0.5,6.5,0
257,39.4614520571,-0.4004871671,15,1414789200,2014,10,31,22,"Friday",119,0,0,0,146.3,19.3,84,1024.4,0,0,3.25,7.75,3.25,7.75,3
257,39.4614520571,-0.4004871671,15,1414792800,2014,10,31,23,"Friday",120,0,4.8,1.6,157.5,19.1,86,1024.1,0,0,5,9,5,9,1
